accuracy,alpha,attack,attack_interval_count,attack_interval_detection_rate,benign_false_positive_count,continuous_alert_segments,detected_attack_intervals,detection_delay_rows,f1,first_attack_evaluation_index,first_attack_raw_index,first_detection_evaluation_index,first_detection_raw_index,fn,fnr,fp,fpr,pr_auc,precision,recall,roc_auc,series,specificity,threshold_method,threshold_value,tn,tp
0.8918522290369828,,mirai,1,1.0,548,22656,1,13,0.9375391361384134,56620,121621,56633,121634,75062,0.11682510630085477,548,0.009678558813140233,0.9955681103052513,0.9990352146647371,0.8831748936991453,0.9486868851824499,baseline,0.9903214411868597,q99,0.07885254791689922,56072,567454
0.8916519818747711,,mirai,1,1.0,310,22488,1,14,0.9373916234538003,56620,121621,56634,121635,75440,0.11741341849852767,310,0.005475097138820205,0.9955681103052513,0.9994536347389608,0.8825865815014723,0.9486868851824499,baseline,0.9945249028611798,q99_5,0.10374458837453895,56310,567076
0.8913659145001831,,mirai,1,1.0,93,22337,1,37,0.9371934095667793,56620,121621,56657,121658,75857,0.11806242957373825,93,0.0016425291416460614,0.9955681103052513,0.999835907063407,0.8819375704262618,0.9486868851824499,baseline,0.9983574708583539,q99_9,0.1742437559731619,56527,566659
0.8919723773343098,,mirai,1,1.0,762,22784,1,13,0.9376349058239679,56620,121621,56633,121634,74764,0.11636130462120788,762,0.013458141999293537,0.9955681103052513,0.9986596636142645,0.8836386953787921,0.9486868851824499,baseline,0.9865418580007065,mean_plus_3std,0.05437677695042259,55858,567752
0.8919223155437569,,mirai,1,1.0,647,22715,1,13,0.9375923486390837,56620,121621,56633,121634,74914,0.11659476184250664,647,0.011427057576827975,0.9955681103052513,0.9988614146263346,0.8834052381574934,0.9486868851824499,baseline,0.9885729424231721,mean_plus_4std,0.06824751363212955,55973,567602
0.8918322043207616,,mirai,1,1.0,511,22623,1,13,0.937523029006221,56620,121621,56633,121634,75113,0.11690448175609634,511,0.009025079477216532,0.9955681103052513,0.9991002158777561,0.8830955182439036,0.9486868851824499,baseline,0.9909749205227835,mean_plus_5std,0.08211825031383653,56109,567403
0.9001124244782132,,mirai,1,1.0,3598,24072,1,12,0.9428702553106897,56620,121621,56632,121633,66237,0.1030900397811105,3598,0.0635464500176616,0.9955681103052513,0.9937952358862311,0.8969099602188895,0.9486868851824499,baseline,0.9364535499823384,median_plus_3mad,0.02254331772059462,53022,576279
0.8938246635847675,,mirai,1,1.0,1784,23550,1,12,0.9388727808433844,56620,121621,56632,121633,72447,0.11275516874287955,1784,0.0315083009537266,0.9955681103052513,0.9968803171444409,0.8872448312571204,0.9486868851824499,baseline,0.9684916990462734,median_plus_5mad,0.031155481400716764,54836,570069
0.8923013548150861,,mirai,1,1.0,1116,23085,1,12,0.9378729471405186,56620,121621,56632,121633,74180,0.115452377839618,1116,0.019710349699752737,0.9955681103052513,0.9980402211248709,0.884547622160382,0.9486868851824499,baseline,0.9802896503002473,median_plus_7mad,0.0397676450808389,55504,568336
0.9981105249908458,0.05,mirai,1,1.0,554,32,1,39,0.9989718396132062,56620,121621,56659,121660,767,0.0011937445915743733,554,0.009784528435181914,0.9999893228620872,0.9991374787288865,0.9988062554084256,0.9998767692772536,ewma,0.990215471564818,q99,0.03996900940531689,56066,641749
0.9983551125961186,0.05,mirai,1,1.0,271,22,1,41,0.999104657029143,56620,121621,56661,121662,879,0.0013680593168107875,271,0.004786294595549276,0.9999893228620872,0.9995778211207836,0.9986319406831892,0.9998767692772536,ewma,0.9952137054044508,q99_5,0.0632429230014332,56349,641637
0.9982664317099963,0.05,mirai,1,1.0,181,27,1,43,0.9990562085436488,56620,121621,56663,121664,1031,0.0016046293010602071,181,0.0031967502649240553,0.9999893228620872,0.9997179217848539,0.9983953706989398,0.9998767692772536,ewma,0.996803249735076,q99_9,0.09156374882713718,56439,641485
0.9979646306298059,0.05,mirai,1,1.0,754,48,1,38,0.99889270782349,56620,121621,56658,121659,669,0.0010412192069925107,754,0.013316849169904627,0.9999893228620872,0.9988266435937697,0.9989587807930075,0.9998767692772536,ewma,0.9866831508300954,mean_plus_3std,0.03237083052172282,55866,641847
0.9980919306114976,0.05,mirai,1,1.0,575,34,1,39,0.9989617448912246,56620,121621,56659,121660,759,0.0011812935397717721,575,0.010155422112327799,0.9999893228620872,0.9991048242964697,0.9988187064602282,0.9998767692772536,ewma,0.9898445778876722,mean_plus_4std,0.03891195550107776,56045,641757
0.9982178002563163,0.05,mirai,1,1.0,448,30,1,40,0.9990301101751251,56620,121621,56660,121661,798,0.001241992417309452,448,0.007912398445778877,0.9999893228620872,0.9993023610717479,0.9987580075826905,0.9998767692772536,ewma,0.9920876015542212,mean_plus_5std,0.045453080480432714,56172,641718
0.9925693999450751,0.05,mirai,1,1.0,4889,321,1,13,0.9959716659623221,56620,121621,56633,121634,306,0.0004762527314494892,4889,0.08634758036029672,0.9999893228620872,0.9924447418401203,0.9995237472685505,0.9998767692772536,ewma,0.9136524196397033,median_plus_3mad,0.016578368681635442,51731,642210
0.9958148343097767,0.05,mirai,1,1.0,2506,193,1,14,0.997726704156107,56620,121621,56634,121635,420,0.0006536802196365538,2506,0.044259978806075594,0.9999893228620872,0.9961123297786851,0.9993463197803635,0.9998767692772536,ewma,0.9557400211939244,median_plus_5mad,0.019973083348909806,54114,642096
0.9972923722995239,0.05,mirai,1,1.0,1419,101,1,15,0.998527967451984,56620,121621,56635,121636,474,0.0007377248193041107,1419,0.025061815612857648,0.9999893228620872,0.997794738142638,0.9992622751806959,0.9998767692772536,ewma,0.9749381843871423,median_plus_7mad,0.023367798016184174,55201,642042
0.9978301789637496,0.1,mirai,1,1.0,653,97,1,15,0.9988192907805834,56620,121621,56635,121636,864,0.0013447135946809106,653,0.011533027198869658,0.9999810781796409,0.9989833490320019,0.9986552864053191,0.9997792771513069,ewma,0.9884669728011304,q99,0.03715368847469245,55967,641652
0.9979660609666788,0.1,mirai,1,1.0,294,59,1,39,0.9988926941172622,56620,121621,56659,121660,1128,0.0017555983041667444,294,0.005192511480042388,0.9999810781796409,0.9995418291303169,0.9982444016958333,0.9997792771513069,ewma,0.9948074885199576,q99_5,0.06292031991660854,56326,641388
0.9977858385206884,0.1,mirai,1,1.0,150,51,1,41,0.9987941896767681,56620,121621,56661,121662,1398,0.002175821302504529,150,0.0026492405510420347,0.9999810781796409,0.9997660884372837,0.9978241786974955,0.9997792771513069,ewma,0.997350759448958,q99_9,0.10924633069497816,56470,641118
0.9977758261625778,0.1,mirai,1,1.0,721,117,1,15,0.998789806983942,56620,121621,56635,121636,834,0.0012980221504211569,721,0.01273401624867538,0.9999810781796409,0.9988776515676296,0.9987019778495788,0.9997792771513069,ewma,0.9872659837513246,mean_plus_3std,0.03514656514548303,55899,641682
0.9979131385023801,0.1,mirai,1,1.0,523,79,1,16,0.998864254693415,56620,121621,56636,121637,936,0.00145677306090432,523,0.009237018721299894,0.9999810781796409,0.999185488932461,0.9985432269390957,0.9997792771513069,ewma,0.9907629812787001,mean_plus_4std,0.04260970768491325,56097,641580
0.9979531879348225,0.1,mirai,1,1.0,412,69,1,39,0.9988858827880179,56620,121621,56659,121660,1019,0.0015859527233563055,412,0.0072765807135287885,0.9999810781796409,0.9993581644750268,0.9984140472766437,0.9997792771513069,ewma,0.9927234192864712,mean_plus_5std,0.05007285022434345,56208,641497
0.9918856989198096,0.1,mirai,1,1.0,5249,518,1,13,0.9956018380332085,56620,121621,56633,121634,424,0.0006599057455378543,5249,0.0927057576827976,0.9999810781796409,0.9918914451579616,0.9993400942544621,0.9997792771513069,ewma,0.9072942423172023,median_plus_3mad,0.016892542058337373,51371,642092
0.9950353007140241,0.1,mirai,1,1.0,2942,381,1,13,0.9973039624993688,56620,121621,56633,121634,529,0.0008233258004469927,2942,0.05196043800777111,0.9999810781796409,0.9954382575446289,0.999176674199553,0.9997792771513069,ewma,0.9480395619922289,median_plus_5mad,0.020591319793573377,53678,641987
0.9965400151043574,0.1,mirai,1,1.0,1799,254,1,14,0.9981192821395557,56620,121621,56634,121635,620,0.0009649565147015794,1799,0.0317732250088308,0.9999810781796409,0.9972051981140136,0.9990350434852984,0.9997792771513069,ewma,0.9682267749911692,median_plus_7mad,0.02429009752880939,54821,641896
0.9966801881179055,0.2,mirai,1,1.0,665,318,1,14,0.9981924253197522,56620,121621,56634,121635,1656,0.002577367723138412,665,0.01174496644295302,0.9999532784339455,0.9989634075055531,0.9974226322768616,0.999449165314319,ewma,0.988255033557047,q99,0.04208487006980788,55955,640860
0.9965342937568656,0.2,mirai,1,1.0,349,268,1,15,0.9981119093093079,56620,121621,56635,121636,2074,0.0032279351798243155,349,0.006163899682091134,0.9999532784339455,0.9994553606402088,0.9967720648201757,0.999449165314319,ewma,0.9938361003179089,q99_5,0.05857204584334709,56271,640442
0.994680577169535,0.2,mirai,1,1.0,118,454,1,41,0.9970980430713144,56620,121621,56661,121662,3601,0.005604529692645787,118,0.0020840692334864004,0.9999532784339455,0.9998153459993459,0.9943954703073542,0.999449165314319,ewma,0.9979159307665136,q99_9,0.13463142218560964,56502,638915
0.9966172532954961,0.2,mirai,1,1.0,782,331,1,14,0.9981584309987845,56620,121621,56634,121635,1583,0.002463751875439678,782,0.013811374072765807,0.9999532784339455,0.9987813904926642,0.9975362481245603,0.999449165314319,ewma,0.9861886259272342,mean_plus_3std,0.038877462823957286,55838,640933
0.9966859094653973,0.2,mirai,1,1.0,509,278,1,14,0.9981951075496229,56620,121621,56634,121635,1808,0.0028139377073878318,509,0.008989756269869304,0.9999532784339455,0.9992061969660817,0.9971860622926122,0.999449165314319,ewma,0.9910102437301307,mean_plus_4std,0.04758291488899317,56111,640708
0.996551457799341,0.2,mirai,1,1.0,374,267,1,15,0.9981213509131045,56620,121621,56635,121636,2037,0.003170349065237286,374,0.006605439773931473,0.9999532784339455,0.999416402825609,0.9968296509347627,0.999449165314319,ewma,0.9933945602260685,mean_plus_5std,0.05628836695402905,56246,640479
0.9924707067008421,0.2,mirai,1,1.0,4395,773,1,13,0.9959148133029324,56620,121621,56633,121634,869,0.0013524955020575364,4395,0.07762274814553162,0.9999532784339455,0.9931970367251665,0.9986475044979425,0.999449165314319,ewma,0.9223772518544684,median_plus_3mad,0.018148000319994778,52225,641647
0.9946862985170267,0.2,mirai,1,1.0,2648,601,1,13,0.9971125738664228,56620,121621,56633,121634,1067,0.0016606590341719117,2648,0.046767926527728716,0.9999532784339455,0.9958888179885949,0.9983393409658281,0.999449165314319,ewma,0.9532320734722712,median_plus_5mad,0.022749227883314183,53972,641449
0.9957490388136214,0.2,mirai,1,1.0,1725,479,1,13,0.9976880771055846,56620,121621,56633,121634,1247,0.0019408076997304347,1725,0.0304662663369834,0.9999532784339455,0.9973172377969313,0.9980591923002695,0.999449165314319,ewma,0.9695337336630167,median_plus_7mad,0.02735045544663358,54895,641269
0.9914751922372758,0.3,mirai,1,1.0,709,976,1,14,0.9953455317886122,56620,121621,56634,121635,5251,0.008172559126932247,709,0.012522077004592017,0.9998641076727227,0.9988886694442093,0.9918274408730677,0.9983983006928966,ewma,0.9874779229954079,q99,0.04471598448509863,55911,637265
0.9901650036616624,0.3,mirai,1,1.0,336,1002,1,15,0.9946232018692115,56620,121621,56635,121636,6540,0.010178734848626338,336,0.0059342988343341575,0.9998641076727227,0.9994719571530947,0.9898212651513737,0.9983983006928966,ewma,0.9940657011656658,q99_5,0.06564914433566696,56284,635976
0.9857466930611498,0.3,mirai,1,1.0,103,1434,1,40,0.9921859868436014,56620,121621,56660,121661,9862,0.015349034109656413,103,0.0018191451783821971,0.9998641076727227,0.9998372202915179,0.9846509658903436,0.9983983006928966,ewma,0.9981808548216178,q99_9,0.1449296244680384,56517,632654
0.9916525540095203,0.3,mirai,1,1.0,825,985,1,14,0.9954436364715196,56620,121621,56634,121635,5011,0.007799027572854217,825,0.01457082303073119,0.9998641076727227,0.998707565052559,0.9922009724271458,0.9983983006928966,ewma,0.9854291769692688,mean_plus_3std,0.04154884230365241,55795,637505
0.991110456334676,0.3,mirai,1,1.0,525,972,1,14,0.9951440266840226,56620,121621,56634,121635,5690,0.008855810594599979,525,0.009272341928647121,0.9998641076727227,0.9991762780634219,0.9911441894054001,0.9983983006928966,ewma,0.9907276580713529,mean_plus_4std,0.05114434323567838,56095,636826
0.9904739564262175,0.3,mirai,1,1.0,390,987,1,14,0.9947934256444895,56620,121621,56634,121635,6270,0.009758511850288552,390,0.00688802543270929,0.9998641076727227,0.9993874050477825,0.9902414881497115,0.9983983006928966,ewma,0.9931119745672907,mean_plus_5std,0.06073984416770435,56230,636246
0.9906484575247162,0.3,mirai,1,1.0,3888,1326,1,13,0.9949170858373436,56620,121621,56633,121634,2650,0.004124410909611589,3888,0.06866831508300954,0.9998641076727227,0.9939604258769654,0.9958755890903884,0.9983983006928966,ewma,0.9313316849169905,median_plus_3mad,0.01920407046213926,52732,639866
0.9919171663310142,0.3,mirai,1,1.0,2261,1092,1,13,0.9955985771510776,56620,121621,56633,121634,3390,0.005276133201352185,2261,0.03993288590604027,0.9998641076727227,0.9964748272104049,0.9947238667986478,0.9983983006928966,ewma,0.9600671140939597,median_plus_5mad,0.024573690674678954,54359,639126
0.9920845157451483,0.3,mirai,1,1.0,1551,1043,1,13,0.995685326680181,56620,121621,56633,121634,3983,0.0061990674162199855,1551,0.027393147297774638,0.9998641076727227,0.9975768805344298,0.99380093258378,0.9983983006928966,ewma,0.9726068527022254,median_plus_7mad,0.029943310887218643,55069,638533
0.9750220271878433,0.5,mirai,1,1.0,672,2752,1,13,0.986237827179641,56620,121621,56633,121634,16791,0.026133201352184224,672,0.011868597668668315,0.9993986598524899,0.9989271979271931,0.9738667986478158,0.992892421863476,ewma,0.9881314023313317,q99,0.05288929741263077,55948,625725
0.9726634016843647,0.5,mirai,1,1.0,326,2793,1,14,0.9849104512021425,56620,121621,56634,121635,18786,0.029238182395457855,326,0.0057576827975980216,0.9993986598524899,0.9994776109836296,0.9707618176045422,0.992892421863476,ewma,0.994242317202402,q99_5,0.07705022971956246,56294,623730
0.9676128821860125,0.5,mirai,1,1.0,97,3113,1,39,0.9820661295138616,56620,121621,56659,121660,22546,0.035090176742680335,97,0.0017131755563405157,0.9993986598524899,0.9998435652921378,0.9649098232573197,0.992892421863476,ewma,0.9982868244436595,q99_9,0.15900575544950743,56523,619970
0.9757658023617722,0.5,mirai,1,1.0,836,2717,1,13,0.9866565440267893,56620,121621,56633,121634,16107,0.025068636423061837,836,0.01476510067114094,0.9993986598524899,0.9986671874626342,0.9749313635769382,0.992892421863476,ewma,0.9852348993288591,mean_plus_3std,0.04552150026830322,55784,626409
0.9747373901501282,0.5,mirai,1,1.0,591,2730,1,13,0.9860770390177146,56620,121621,56633,121634,17071,0.02656898816527526,591,0.010438007771105616,0.9993986598524899,0.9990559648326933,0.9734310118347247,0.992892421863476,ewma,0.9895619922288944,mean_plus_4std,0.05644082366590869,56029,625445
0.9736088543573782,0.5,mirai,1,1.0,398,2743,1,14,0.9854415852583721,56620,121621,56634,121635,18053,0.02809735477404454,398,0.007029318262098199,0.9993986598524899,0.9993630583441757,0.9719026452259555,0.992892421863476,ewma,0.9929706817379018,mean_plus_5std,0.06736014706351416,56222,624463
0.9790584378432808,0.5,mirai,1,1.0,3410,3272,1,12,0.9885367413841566,56620,121621,56632,121633,11231,0.017479720349376515,3410,0.06022606852702225,0.9993986598524899,0.9946273406911982,0.9825202796506235,0.992892421863476,ewma,0.9397739314729777,median_plus_3mad,0.02075287462159969,53210,631285
0.9783461300805566,0.5,mirai,1,1.0,1939,2863,1,13,0.9881148181266491,56620,121621,56633,121634,13200,0.02054423547429169,1939,0.0342458495231367,0.9993986598524899,0.9969283411616542,0.9794557645257083,0.992892421863476,ewma,0.9657541504768633,median_plus_5mad,0.027321435600874747,54681,629316
0.9774664729036983,0.5,mirai,1,1.0,1295,2739,1,13,0.9876134944821318,56620,121621,56633,121634,14459,0.022503719751726027,1295,0.022871776757329567,0.9993986598524899,0.9979423279817972,0.977496280248274,0.992892421863476,ewma,0.9771282232426705,median_plus_7mad,0.03388999658014981,55325,628057
0.04551367241326515,,os_scan,34069,1.0,1558533,1115,34069,0,0.07775456186724562,1249657,1314658,1249657,1314658,0,0.0,1558533,0.9945014835848515,0.4995091973373824,0.04044986156542811,1.0,0.9786187801383145,baseline,0.005498516415148518,q99,0.03989952553820303,8617,65700
0.050050525155403126,,os_scan,34069,1.0,1551125,3045,34069,0,0.07809690792113044,1249657,1314658,1249657,1314658,0,0.0,1551125,0.9897744312924736,0.4995091973373824,0.040635195522088045,1.0,0.9786187801383145,baseline,0.010225568707526401,q99_5,0.05115549414515961,16025,65700
0.13093364362923723,,os_scan,34069,1.0,1419055,93136,34069,0,0.08474931552350762,1249657,1314658,1249657,1314658,0,0.0,1419055,0.9055004307181826,0.4995091973373824,0.044249724702055224,1.0,0.9786187801383145,baseline,0.09449956928181731,q99_9,0.09501450558488406,148095,65700
0.04950056649416664,,os_scan,34069,1.0,1552023,2792,34069,0,0.07805524814618786,1249657,1314658,1249657,1314658,0,0.0,1552023,0.9903474460007019,0.4995091973373824,0.04061263887575314,1.0,0.9786187801383145,baseline,0.009652553999298088,mean_plus_3std,0.04963250537759042,15127,65700
0.05211133906972471,,os_scan,34069,1.0,1547760,3871,34069,0,0.07825341242049597,1249657,1314658,1249657,1314658,0,0.0,1547760,0.9876272213891459,0.4995091973373824,0.040719943475512256,1.0,0.9786187801383145,baseline,0.012372778610854097,mean_plus_4std,0.05947521399761912,19390,65700
0.05640995804881036,,os_scan,34069,1.0,1540741,4580,34069,0,0.07858188992435447,1249657,1314658,1249657,1314658,0,0.0,1540741,0.9831483903901987,0.4995091973373824,0.040897860550122914,1.0,0.9786187801383145,baseline,0.01685160960980123,mean_plus_5std,0.06931792261764783,26409,65700
0.04293719570076859,,os_scan,34069,1.0,1562740,1203,34069,0,0.07756147661940571,1249657,1314658,1249657,1314658,0,0.0,1562740,0.9971859745397696,0.4995091973373824,0.04034536120458844,1.0,0.9786187801383145,baseline,0.0028140254602303546,median_plus_3mad,0.03055333642972197,4410,65700
0.04509477294301375,,os_scan,34069,1.0,1559217,1057,34069,0,0.0777231034586781,1249657,1314658,1249657,1314658,0,0.0,1559217,0.9949379446766423,0.4995091973373824,0.040432834415542455,1.0,0.9786187801383145,baseline,0.005062055323357687,median_plus_5mad,0.03850486082359755,7933,65700
0.048167314817650124,,os_scan,34069,1.0,1554200,1881,34069,0,0.0779544375889891,1249657,1314658,1249657,1314658,0,0.0,1554200,0.9917365919024982,0.4995091973373824,0.040558059139453054,1.0,0.9786187801383145,baseline,0.008263408097501835,median_plus_7mad,0.04645638521747314,12950,65700
0.04258505067826193,0.05,os_scan,34069,1.0,1563315,107,34069,0,0.07753516077924606,1249657,1314658,1249657,1314658,0,0.0,1563315,0.9975528826213189,0.46481754131883257,0.040331120339591714,1.0,0.9757822022264481,ewma,0.0024471173786810452,q99,0.03130809674213466,3835,65700
0.043599228343081116,0.05,os_scan,34069,1.0,1561659,126,34069,0,0.07761099878976456,1249657,1314658,1249657,1314658,0,0.0,1561659,0.996496187346457,0.46481754131883257,0.040372161274801685,1.0,0.9757822022264481,ewma,0.003503812653543056,q99_5,0.03441760072383213,5491,65700
0.04490859540067979,0.05,os_scan,34069,1.0,1559521,67,34069,0,0.07770913011311587,1249657,1314658,1249657,1314658,0,0.0,1559521,0.9951319273841049,0.46481754131883257,0.040425271393859666,1.0,0.9757822022264481,ewma,0.004868072615895096,q99_9,0.03913437465678943,7629,65700
0.04285941758275408,0.05,os_scan,34069,1.0,1562867,86,34069,0,0.07755566271431834,1249657,1314658,1249657,1314658,0,0.0,1562867,0.9972670133682162,0.46481754131883257,0.04034221496567227,1.0,0.9757822022264481,ewma,0.002732986631783811,mean_plus_3std,0.03218892707311387,4283,65700
0.04425207459350216,0.05,os_scan,34069,1.0,1560593,129,34069,0,0.07765989575606992,1249657,1314658,1249657,1314658,0,0.0,1560593,0.9958159716683151,0.46481754131883257,0.04039862435612771,1.0,0.9757822022264481,ewma,0.0041840283316849055,mean_plus_4std,0.036228967923737226,6557,65700
0.04506292678445663,0.05,os_scan,34069,1.0,1559269,60,34069,0,0.07772071292488357,1249657,1314658,1249657,1314658,0,0.0,1559269,0.9949711259292346,0.46481754131883257,0.040431540540158,1.0,0.9757822022264481,ewma,0.005028874070765402,mean_plus_5std,0.040269008774360585,7881,65700
0.04161435526839575,0.05,os_scan,34069,1.0,1564900,90,34069,0,0.07746271296350882,1249657,1314658,1249657,1314658,0,0.0,1564900,0.9985642727243723,0.46481754131883257,0.04029191708573531,1.0,0.9757822022264481,ewma,0.001435727275627732,median_plus_3mad,0.0284189851400019,2250,65700
0.04344857151606087,0.05,os_scan,34069,1.0,1561905,125,34069,0,0.07759972361742273,1249657,1314658,1249657,1314658,0,0.0,1561905,0.996653160195259,0.46481754131883257,0.04036605933257762,1.0,0.9757822022264481,ewma,0.0033468398047410905,median_plus_5mad,0.03401420461544071,5245,65700
0.04497657470067673,0.05,os_scan,34069,1.0,1559410,55,34069,0,0.07771423164045635,1249657,1314658,1249657,1314658,0,0.0,1559410,0.9950610981718406,0.46481754131883257,0.040428032563949515,1.0,0.9757822022264481,ewma,0.004938901828159398,median_plus_7mad,0.03960942409087953,7740,65700
0.04408671953945555,0.1,os_scan,34069,1.0,1560863,227,34069,0,0.07764750514547679,1249657,1314658,1249657,1314658,0,0.0,1560863,0.9959882589413904,0.4720729971514632,0.04039191841939107,1.0,0.9764786246407707,ewma,0.004011741058609578,q99,0.03587473621543472,6287,65700
0.045470190158312156,0.1,os_scan,34069,1.0,1558604,163,34069,0,0.07775129526320647,1249657,1314658,1249657,1314658,0,0.0,1558604,0.9945467887566601,0.4720729971514632,0.040448093460337474,1.0,0.9764786246407707,ewma,0.005453211243339821,q99_5,0.04260651379530447,8546,65700
0.04715374957895704,0.1,os_scan,34069,1.0,1555855,298,34069,0,0.07787797339465581,1249657,1314658,1249657,1314658,0,0.0,1555855,0.9927926490763488,0.4720729971514632,0.04051666455963566,1.0,0.9764786246407707,ewma,0.007207350923651214,q99_9,0.05007996890439354,11295,65700
0.043599228343081116,0.1,os_scan,34069,1.0,1561659,197,34069,0,0.07761099878976456,1249657,1314658,1249657,1314658,0,0.0,1561659,0.996496187346457,0.4720729971514632,0.040372161274801685,1.0,0.9764786246407707,ewma,0.003503812653543056,mean_plus_3std,0.03432573317821113,5491,65700
0.04492390605383226,0.1,os_scan,34069,1.0,1559496,132,34069,0,0.07771027904732165,1249657,1314658,1249657,1314658,0,0.0,1559496,0.9951159748588202,0.4720729971514632,0.04042589324610693,1.0,0.9764786246407707,ewma,0.004884025141179848,mean_plus_4std,0.039071716230464584,7654,65700
0.0457010748078513,0.1,os_scan,34069,1.0,1558227,185,34069,0,0.0777686436118741,1249657,1314658,1249657,1314658,0,0.0,1558227,0.9943062246753661,0.4720729971514632,0.040457483618413885,1.0,0.9764786246407707,ewma,0.00569377532463389,mean_plus_5std,0.04381769928271803,8923,65700
0.04187463637198763,0.1,os_scan,34069,1.0,1564475,185,34069,0,0.07748212574629615,1249657,1314658,1249657,1314658,0,0.0,1564475,0.9982930797945315,0.4720729971514632,0.04030242151916205,1.0,0.9764786246407707,ewma,0.0017069202054685257,median_plus_3mad,0.02892396470415262,2675,65700
0.04379949168631534,0.1,os_scan,34069,1.0,1561332,210,34069,0,0.07762599159228986,1249657,1314658,1249657,1314658,0,0.0,1561332,0.9962875283157324,0.4720729971514632,0.040380275249657045,1.0,0.9764786246407707,ewma,0.0037124716842676197,median_plus_5mad,0.03497807714142094,5818,65700
0.04521664574210736,0.1,os_scan,34069,1.0,1559018,120,34069,0,0.07773225320601178,1249657,1314658,1249657,1314658,0,0.0,1559018,0.9948109625753757,0.4720729971514632,0.04043778674206847,1.0,0.9764786246407707,ewma,0.005189037424624318,median_plus_7mad,0.04103218957868926,8132,65700
0.044782435618703494,0.2,os_scan,34069,1.0,1559727,418,34069,0,0.07769966418843766,1249657,1314658,1249657,1314658,0,0.0,1559727,0.9952633761924513,0.47692754604651383,0.040420148059556044,1.0,0.9770632016033526,ewma,0.004736623807548735,q99,0.0381403162401455,7423,65700
0.04764614018434026,0.2,os_scan,34069,1.0,1555051,397,34069,0,0.07791510100204513,1249657,1314658,1249657,1314658,0,0.0,1555051,0.9922796158631911,0.47692754604651383,0.040536763512717254,1.0,0.9770632016033526,ewma,0.007720384136808857,q99_5,0.05092181412622512,12099,65700
0.0526619101570873,0.2,os_scan,34069,1.0,1546861,569,34069,0,0.07829533070243544,1249657,1314658,1249657,1314658,0,0.0,1546861,0.9870535685799062,0.47692754604651383,0.040742644774368224,1.0,0.9770632016033526,ewma,0.012946431420093801,q99_9,0.06577776047523963,20289,65700
0.04455767523042533,0.2,os_scan,34069,1.0,1560094,425,34069,0,0.07768280585092234,1249657,1314658,1249657,1314658,0,0.0,1560094,0.9954975592636315,0.47692754604651383,0.04041102378284088,1.0,0.9770632016033526,ewma,0.004502440736368567,mean_plus_3std,0.03738023505317184,7056,65700
0.045998101479009096,0.2,os_scan,34069,1.0,1557742,298,34069,0,0.07779097316862643,1249657,1314658,1249657,1314658,0,0.0,1557742,0.9939967456848419,0.47692754604651383,0.04046957020946852,1.0,0.9770632016033526,ewma,0.006003254315158089,mean_plus_4std,0.04314086081131238,9408,65700
0.047217441896071286,0.2,os_scan,34069,1.0,1555751,347,34069,0,0.07788277397814423,1249657,1314658,1249657,1314658,0,0.0,1555751,0.9927262865711642,0.47692754604651383,0.04051926330182041,1.0,0.9770632016033526,ewma,0.007273713428835785,mean_plus_5std,0.04890148656945291,11399,65700
0.04227516305845607,0.2,os_scan,34069,1.0,1563821,329,34069,0,0.07751201760714385,1249657,1314658,1249657,1314658,0,0.0,1563821,0.9978757617330823,0.47692754604651383,0.040318596691911304,1.0,0.9770632016033526,ewma,0.002124238266917653,median_plus_3mad,0.02971780201412021,3329,65700
0.044290657439446365,0.2,os_scan,34069,1.0,1560530,414,34069,0,0.07766278746756662,1249657,1314658,1249657,1314658,0,0.0,1560530,0.9957757713045975,0.47692754604651383,0.040400189395104015,1.0,0.9770632016033526,ewma,0.004224228695402482,median_plus_5mad,0.03651127707809752,6620,65700
0.0460372967510794,0.2,os_scan,34069,1.0,1557678,303,34069,0,0.07779392070703663,1249657,1314658,1249657,1314658,0,0.0,1557678,0.993955907220113,0.47692754604651383,0.040471165680451504,1.0,0.9770632016033526,ewma,0.006044092779887056,median_plus_7mad,0.043304752142074826,9472,65700
0.044971062865541846,0.3,os_scan,34069,1.0,1559419,568,34069,0,0.07771381797815141,1249657,1314658,1249657,1314658,0,0.0,1559419,0.9950668410809431,0.47985425438595336,0.04042780867124192,1.0,0.9773938707726961,ewma,0.004933158919056887,q99,0.038397959171978586,7731,65700
0.04881648651131457,0.3,os_scan,34069,1.0,1553140,738,34069,0,0.07800349056715779,1249657,1314658,1249657,1314658,0,0.0,1553140,0.9910602048304247,0.47985425438595336,0.04058461614489387,1.0,0.9773938707726961,ewma,0.008939795169575344,q99_5,0.05470185564730998,14010,65700
0.056289922528095046,0.3,os_scan,34069,1.0,1540937,1184,34069,0,0.07857268002800873,1249657,1314658,1249657,1314658,0,0.0,1540937,0.9832734581884313,0.47985425438595336,0.040892871258411206,1.0,0.9773938707726961,ewma,0.01672654181156877,q99_9,0.07557961763785365,26213,65700
0.045281562911473804,0.3,os_scan,34069,1.0,1558912,515,34069,0,0.07773712782018942,1249657,1314658,1249657,1314658,0,0.0,1558912,0.9947433238681683,0.47985425438595336,0.04044042515997666,1.0,0.9773938707726961,ewma,0.005256676131831669,mean_plus_3std,0.039485849669817066,8238,65700
0.046812015800594055,0.3,os_scan,34069,1.0,1556413,392,34069,0,0.07785222652035503,1249657,1314658,1249657,1314658,0,0.0,1556413,0.9931487094407044,0.47985425438595336,0.04050272699867395,1.0,0.9773938707726961,ewma,0.006851290559295536,mean_plus_4std,0.04594742667455777,10737,65700
0.04822120831674679,0.3,os_scan,34069,1.0,1554112,547,34069,0,0.07795850756328047,1249657,1314658,1249657,1314658,0,0.0,1554112,0.9916804390134958,0.47985425438595336,0.04056026254898717,1.0,0.9773938707726961,ewma,0.008319560986504163,mean_plus_5std,0.052409003679298474,13038,65700
0.04249624888997765,0.3,os_scan,34069,1.0,1563460,420,34069,0,0.0775285274299942,1249657,1314658,1249657,1314658,0,0.0,1563460,0.9976454072679706,0.47985425438595336,0.040327530752044,1.0,0.9773938707726961,ewma,0.0023545927320294804,median_plus_3mad,0.030132691187364065,3690,65700
0.04465872554123159,0.3,os_scan,34069,1.0,1559929,577,34069,0,0.07769038430725186,1249657,1314658,1249657,1314658,0,0.0,1559929,0.9953922725967521,0.47985425438595336,0.04041512546835717,1.0,0.9773938707726961,ewma,0.004607727403247934,median_plus_5mad,0.037365549908541955,7221,65700
0.04653336191321922,0.3,os_scan,34069,1.0,1556868,374,34069,0,0.0778312448023655,1249657,1314658,1249657,1314658,0,0.0,1556868,0.993439045400887,0.47985425438595336,0.040491369236913335,1.0,0.9773938707726961,ewma,0.0065609545991130395,median_plus_7mad,0.04459840862971985,10282,65700
0.04526747711057354,0.5,os_scan,34069,1.0,1558935,684,34069,0,0.07773607006895084,1249657,1314658,1249657,1314658,0,0.0,1558935,0.9947580001914303,0.48565862529268344,0.04043985264382461,1.0,0.9778871229321995,ewma,0.005241999808569696,q99,0.03916969711446001,8215,65700
0.049717365342805526,0.5,os_scan,34069,1.0,1551669,1293,34069,0,0.07807166551103965,1249657,1314658,1249657,1314658,0,0.0,1551669,0.9901215582426698,0.48565862529268344,0.0406215279259093,1.0,0.9778871229321995,ewma,0.009878441757330185,q99_5,0.05658381358265365,15481,65700
0.06219616008818936,0.5,os_scan,34069,1.0,1531293,3474,34069,0,0.07902841955790998,1249657,1314658,1249657,1314658,0,0.0,1531293,0.9771196120345851,0.48565862529268344,0.041139817143844716,1.0,0.9778871229321995,ewma,0.022880387965414924,q99_9,0.08726174930396753,35857,65700
0.046235722815935326,0.5,os_scan,34069,1.0,1557354,532,34069,0,0.0778088460486252,1249657,1314658,1249657,1314658,0,0.0,1557354,0.9937491624924225,0.48565862529268344,0.04047924468317136,1.0,0.9778871229321995,ewma,0.006250837507577449,mean_plus_3std,0.04252544251312532,9796,65700
0.04793826744648927,0.5,os_scan,34069,1.0,1554574,623,34069,0,0.07793714493817817,1249657,1314658,1249657,1314658,0,0.0,1554574,0.991975241680758,0.48565862529268344,0.04054869731909541,1.0,0.9778871229321995,ewma,0.008024758319241937,mean_plus_4std,0.049999635792476904,12576,65700
0.05001806657071991,0.5,os_scan,34069,1.0,1551178,1396,34069,0,0.07809444792455386,1249657,1314658,1249657,1314658,0,0.0,1551178,0.9898082506460772,0.48565862529268344,0.04063386353206612,1.0,0.9778871229321995,ewma,0.010191749353922726,mean_plus_5std,0.05747382907182849,15972,65700
0.042744893897173654,0.5,os_scan,34069,1.0,1563054,606,34069,0,0.07754710366879243,1249657,1314658,1249657,1314658,0,0.0,1563054,0.9973863382573461,0.48565862529268344,0.040337583207777236,1.0,0.9778871229321995,ewma,0.002613661742653862,median_plus_3mad,0.03052301721728043,4096,65700
0.044991272927703094,0.5,os_scan,34069,1.0,1559386,712,34069,0,0.07771533476146597,1249657,1314658,1249657,1314658,0,0.0,1559386,0.9950457837475672,0.48565862529268344,0.040428629623293785,1.0,0.9778871229321995,ewma,0.0049542162524327605,median_plus_5mad,0.03816768828066339,7764,65700
0.047033101632115625,0.5,os_scan,34069,1.0,1556052,485,34069,0,0.0778688816037434,1249657,1314658,1249657,1314658,0,0.0,1556052,0.9929183549755927,0.48565862529268344,0.04051174285587439,1.0,0.9778871229321995,ewma,0.007081645024407363,median_plus_7mad,0.04581235934404635,11098,65700
0.20684646864953024,,fuzzing,42362,1.0,1728391,4724,42362,0,0.33368556225103196,1235004,1300005,1235004,1300005,0,0.0,1728391,0.9897134316905783,0.19471720266401787,0.20025365842824316,1.0,0.5308830680874915,baseline,0.010286568309421623,q99,0.06522067176047684,17964,432783
0.209494304628711,,fuzzing,42362,0.9997639393796327,1722580,6509,42352,0,0.33440837987639604,1235004,1300005,1235004,1300005,41,9.4735698953055e-05,1722580,0.9863859295504064,0.19471720266401787,0.20077835237611827,0.999905264301047,0.5308830680874915,baseline,0.013614070449593582,q99_5,0.07321964695450137,23775,432742
0.21152308848728257,,fuzzing,42362,0.9997167272555593,1718143,7245,42350,0,0.33497235695829003,1235004,1300005,1235004,1300005,57,0.00013170572781278378,1718143,0.9838452090210753,0.19471720266401787,0.20118659016425455,0.9998682942721873,0.5308830680874915,baseline,0.016154790978924676,q99_9,0.08158685246955967,28212,432726
0.2044468959744633,,fuzzing,42362,1.0,1733620,3735,42362,0,0.3330142590795734,1235004,1300005,1235004,1300005,0,0.0,1733620,0.9927076682575994,0.19471720266401787,0.1997703105100944,1.0,0.5308830680874915,baseline,0.0072923317424006,mean_plus_3std,0.0541157065920425,12735,432783
0.2066872313731393,,fuzzing,42362,1.0,1728738,4659,42362,0,0.33364093028419184,1235004,1300005,1235004,1300005,0,0.0,1728738,0.9899121312676976,0.19471720266401787,0.20022151068622512,1.0,0.5308830680874915,baseline,0.010087868732302423,mean_plus_4std,0.06449486498672219,17617,432783
0.20990731197381718,,fuzzing,42362,0.9997403333175959,1721676,6517,42351,0,0.3345226513481579,1235004,1300005,1235004,1300005,45,0.0001039782061679872,1721676,0.9858682799316291,0.19471720266401787,0.20086111583010507,0.999896021793832,0.5308830680874915,baseline,0.014131720068370978,mean_plus_5std,0.07487402338140187,24679,432738
0.20032370597915322,,fuzzing,42362,1.0,1742605,924,42362,0,0.3318670439936645,1235004,1300005,1235004,1300005,0,0.0,1742605,0.9978526702760894,0.19471720266401787,0.19894519966093405,1.0,0.5308830680874915,baseline,0.0021473297239106596,median_plus_3mad,0.03804030584001107,3750,432783
0.20302615070729801,,fuzzing,42362,1.0,1736716,2907,42362,0,0.3326180636841049,1235004,1300005,1235004,1300005,0,0.0,1736716,0.99448050367766,0.19471720266401787,0.19948522677355462,1.0,0.5308830680874915,baseline,0.00551949632233996,median_plus_5mad,0.04892372262822536,9639,432783
0.20580660793396288,,fuzzing,42362,1.0,1730657,4315,42362,0,0.33339431936316716,1235004,1300005,1235004,1300005,0,0.0,1730657,0.9910109914650801,0.19471720266401787,0.20004391154827497,1.0,0.5308830680874915,baseline,0.008989008534919875,median_plus_7mad,0.059807139416439656,15698,432783
0.2010606946416427,0.05,fuzzing,42362,1.0,1740999,78,42362,0,0.33207151941348095,1235004,1300005,1235004,1300005,0,0.0,1740999,0.9969330405329959,0.295796471463988,0.19909218127668735,1.0,0.7234596617717796,ewma,0.0030669594670041313,q99,0.04759331692384837,5356,432783
0.20201611829998833,0.05,fuzzing,42362,1.0,1738917,74,42362,0,0.3323369743630502,1235004,1300005,1235004,1300005,0,0.0,1738917,0.9957408430702807,0.295796471463988,0.19928305014504766,1.0,0.7234596617717796,ewma,0.004259156929719329,q99_5,0.05325905991743926,7438,432783
0.20439687619600044,0.05,fuzzing,42362,1.0,1733729,113,42362,0,0.33300029431057265,1235004,1300005,1235004,1300005,0,0.0,1733729,0.9927700839749077,0.295796471463988,0.1997602598093156,1.0,0.7234596617717796,ewma,0.007229916025092264,q99_9,0.06481280144503578,12626,432783
0.20085740324844042,0.05,fuzzing,42362,1.0,1741442,67,42362,0,0.33201509162994514,1235004,1300005,1235004,1300005,0,0.0,1741442,0.9971867117510472,0.295796471463988,0.19905161609309063,1.0,0.7234596617717796,ewma,0.002813288248952819,mean_plus_3std,0.046521456868442376,4913,432783
0.2022267520459925,0.05,fuzzing,42362,1.0,1738458,71,42362,0,0.33239555395802806,1235004,1300005,1235004,1300005,0,0.0,1738458,0.995478009912074,0.295796471463988,0.1993251785499629,1.0,0.7234596617717796,ewma,0.004521990087925995,mean_plus_4std,0.05439116738485963,7897,432783
0.2038292205450045,0.05,fuzzing,42362,1.0,1734966,80,42362,0,0.332841895427551,1235004,1300005,1235004,1300005,0,0.0,1734966,0.9934784164731684,0.295796471463988,0.19964626900992688,1.0,0.7234596617717796,ewma,0.006521583526831601,mean_plus_5std,0.06226087790127688,11389,432783
0.19936277555620616,0.05,fuzzing,42362,1.0,1744699,30,42362,0,0.33160081447669104,1235004,1300005,1235004,1300005,0,0.0,1744699,0.9990517391939211,0.295796471463988,0.1987538817772087,1.0,0.7234596617717796,ewma,0.0009482608060789473,median_plus_3mad,0.03629359148553842,1656,432783
0.20067063214904243,0.05,fuzzing,42362,1.0,1741849,70,42362,0,0.3319632663001479,1235004,1300005,1235004,1300005,0,0.0,1741849,0.9974197686037489,0.295796471463988,0.19901436197020922,1.0,0.7234596617717796,ewma,0.0025802313962510486,median_plus_5mad,0.04551134381629763,4506,432783
0.20227631292740525,0.05,fuzzing,42362,1.0,1738350,76,42362,0,0.3324093403934689,1235004,1300005,1235004,1300005,0,0.0,1738350,0.9954161668160254,0.295796471463988,0.19933509370453123,1.0,0.7234596617717796,ewma,0.004583833183974622,median_plus_7mad,0.05472909614705683,8005,432783
0.2021629653560261,0.1,fuzzing,42362,1.0,1738597,93,42362,0,0.3323778119879593,1235004,1300005,1235004,1300005,0,0.0,1738597,0.9955576042671737,0.2837204931584512,0.1993124188304212,1.0,0.7153361391995622,ewma,0.0044423957328263725,q99,0.05330093858482045,7758,432783
0.20369751709162062,0.1,fuzzing,42362,1.0,1735253,139,42362,0,0.33280516637259266,1235004,1300005,1235004,1300005,0,0.0,1735253,0.993642758774705,0.2837204931584512,0.19961984026095508,1.0,0.7153361391995622,ewma,0.0063572412252949715,q99_5,0.061420739991189244,11102,432783
0.20601311160651598,0.1,fuzzing,42362,1.0,1730207,177,42362,0,0.3334521161904373,1235004,1300005,1235004,1300005,0,0.0,1730207,0.9907533118982108,0.2837204931584512,0.2000855297527959,1.0,0.7153361391995622,ewma,0.009246688101789155,q99_9,0.07082614103691665,16148,432783
0.20129794441655371,0.1,fuzzing,42362,1.0,1740482,94,42362,0,0.3321373973157824,1235004,1300005,1235004,1300005,0,0.0,1740482,0.996636995341726,0.2837204931584512,0.19913954349791674,1.0,0.7153361391995622,ewma,0.0033630046582739477,mean_plus_3std,0.04842673299848551,5873,432783
0.20282744828459695,0.1,fuzzing,42362,1.0,1737149,120,42362,0,0.3325627277669664,1235004,1300005,1235004,1300005,0,0.0,1737149,0.9947284486831143,0.2837204931584512,0.19944542040948748,1.0,0.7153361391995622,ewma,0.005271551316885742,mean_plus_4std,0.056920286321413646,9206,432783
0.2045492300166396,0.1,fuzzing,42362,1.0,1733397,152,42362,0,0.3330428328529494,1235004,1300005,1235004,1300005,0,0.0,1733397,0.9925799737166842,0.2837204931584512,0.19979087610447885,1.0,0.7153361391995622,ewma,0.007420026283315821,mean_plus_5std,0.06541383964434178,12958,432783
0.19962297018362307,0.1,fuzzing,42362,1.0,1744132,53,42362,0,0.33167286023133713,1235004,1300005,1235004,1300005,0,0.0,1744132,0.9987270629396657,0.2837204931584512,0.19880564927891076,1.0,0.7153361391995622,ewma,0.001272937060334239,median_plus_3mad,0.03716728832721127,2223,432783
0.20108409839119873,0.1,fuzzing,42362,1.0,1740948,87,42362,0,0.3320780168454879,1235004,1300005,1235004,1300005,0,0.0,1740948,0.9969038368487507,0.2837204931584512,0.1990968523704175,1.0,0.7153361391995622,ewma,0.0030961631512493163,median_plus_5mad,0.047012504097929946,5407,432783
0.20281322247604328,0.1,fuzzing,42362,1.0,1737180,125,42362,0,0.3325587667793938,1235004,1300005,1235004,1300005,0,0.0,1737180,0.9947461999421653,0.2837204931584512,0.19944257114061392,1.0,0.7153361391995622,ewma,0.005253800057834747,median_plus_7mad,0.05685771986864862,9175,432783
0.20298943894328858,0.2,fuzzing,42362,1.0,1736796,154,42362,0,0.3326078385712672,1235004,1300005,1235004,1300005,0,0.0,1736796,0.9945263133784368,0.2603874918740519,0.19947787105240233,1.0,0.6869072104404262,ewma,0.005473686621563199,q99,0.0570356864166916,9559,432783
0.20502831853696277,0.2,fuzzing,42362,1.0,1732353,318,42362,0,0.33317666948045727,1235004,1300005,1235004,1300005,0,0.0,1732353,0.9919821571215475,0.2603874918740519,0.1998872126277518,1.0,0.6869072104404262,ewma,0.008017842878452548,q99_5,0.06739500488538017,14002,432783
0.20703507533712873,0.2,fuzzing,42362,1.0,1727980,386,42362,0,0.3337384415005556,1235004,1300005,1235004,1300005,0,0.0,1727980,0.9894780843528378,0.2603874918740519,0.20029174879429165,1.0,0.6869072104404262,ewma,0.010521915647162232,q99_9,0.07588316067781897,18375,432783
0.20169993823245705,0.2,fuzzing,42362,1.0,1739606,136,42362,0,0.3322490799072,1235004,1300005,1235004,1300005,0,0.0,1739606,0.9961353791182205,0.2603874918740519,0.19921984506458099,1.0,0.6869072104404262,ewma,0.003864620881779478,mean_plus_3std,0.05017257558156645,6749,432783
0.20343043900845195,0.2,fuzzing,42362,1.0,1735835,163,42362,0,0.33273070933700727,1235004,1300005,1235004,1300005,0,0.0,1735835,0.9939760243478559,0.2603874918740519,0.19956626754919493,1.0,0.6869072104404262,ewma,0.0060239756521440375,mean_plus_4std,0.059242053641637205,10520,432783
0.2053018211788331,0.2,fuzzing,42362,1.0,1731757,342,42362,0,0.3332531225419403,1235004,1300005,1235004,1300005,0,0.0,1731757,0.9916408748507606,0.2603874918740519,0.19994225100945234,1.0,0.6869072104404262,ewma,0.008359125149239416,mean_plus_5std,0.06831153170170795,14598,432783
0.1998051523125199,0.2,fuzzing,42362,1.0,1743735,94,42362,0,0.331723323602758,1235004,1300005,1235004,1300005,0,0.0,1743735,0.9984997322995611,0.2603874918740519,0.19884191171403132,1.0,0.6869072104404262,ewma,0.0015002677004389141,median_plus_3mad,0.03764527529645076,2620,432783
0.20134245743041515,0.2,fuzzing,42362,1.0,1740385,122,42362,0,0.3321497602986396,1235004,1300005,1235004,1300005,0,0.0,1740385,0.9965814510795342,0.2603874918740519,0.1991484321506667,1.0,0.6869072104404262,ewma,0.00341854892046577,median_plus_5mad,0.04792353047666223,5970,432783
0.2032175107771972,0.2,fuzzing,42362,1.0,1736299,159,42362,0,0.3326713722656633,1235004,1300005,1235004,1300005,0,0.0,1736299,0.9942417206123612,0.2603874918740519,0.19952357725526282,1.0,0.6869072104404262,ewma,0.0057582793876388245,median_plus_7mad,0.058201785656873686,10056,432783
0.20326982504091068,0.3,fuzzing,42362,1.0,1736185,201,42362,0,0.3326859488090905,1235004,1300005,1235004,1300005,0,0.0,1736185,0.9941764417887543,0.24775363744691323,0.1995340641263495,1.0,0.6650446849655656,ewma,0.005823558211245709,q99,0.05821920003367497,10170,432783
0.2053454163985943,0.3,fuzzing,42362,1.0,1731662,537,42362,0,0.33326531209427895,1235004,1300005,1235004,1300005,0,0.0,1731662,0.9915864758310882,0.24775363744691323,0.19995102670661533,1.0,0.6650446849655656,ewma,0.008413524168911819,q99_5,0.06823020370751023,14693,432783
0.2077394823090598,0.3,fuzzing,42362,1.0,1726445,940,42362,0,0.3339360828329818,1235004,1300005,1235004,1300005,0,0.0,1726445,0.9885991107191837,0.24775363744691323,0.2004341366451343,1.0,0.6650446849655656,ewma,0.01140088928081633,q99_9,0.07837699472976348,19910,432783
0.2019229621988144,0.3,fuzzing,42362,1.0,1739120,174,42362,0,0.33231107319653885,1235004,1300005,1235004,1300005,0,0.0,1739120,0.9958570851860017,0.24775363744691323,0.19926442387160015,1.0,0.6650446849655656,ewma,0.0041429148139982995,mean_plus_3std,0.05101787312688187,7235,432783
0.2036608053276112,0.3,fuzzing,42362,1.0,1735333,238,42362,0,0.33279492975313535,1235004,1300005,1235004,1300005,0,0.0,1735333,0.9936885684754818,0.24775363744691323,0.19961247460929213,1.0,0.6650446849655656,ewma,0.006311431524518211,mean_plus_4std,0.06036713096096402,11022,432783
0.20573180771479366,0.3,fuzzing,42362,1.0,1730820,597,42362,0,0.3333733890107249,1235004,1300005,1235004,1300005,0,0.0,1730820,0.9911043287304128,0.24775363744691323,0.20002884078086414,1.0,0.6650446849655656,ewma,0.008895671269587227,mean_plus_5std,0.06971638879504617,15535,432783
0.19985976106148395,0.3,fuzzing,42362,1.0,1743616,116,42362,0,0.33173845289443205,1235004,1300005,1235004,1300005,0,0.0,1743616,0.9984315903696557,0.24775363744691323,0.19885278388751326,1.0,0.6650446849655656,ewma,0.0015684096303443457,median_plus_3mad,0.0377287586857096,2739,432783
0.20143286014928838,0.3,fuzzing,42362,1.0,1740188,155,42362,0,0.33217487145755126,1235004,1300005,1235004,1300005,0,0.0,1740188,0.9964686446913714,0.24775363744691323,0.19916648680539226,1.0,0.6650446849655656,ewma,0.0035313553086285436,median_plus_5mad,0.04814386202715917,6167,432783
0.2033345295249773,0.3,fuzzing,42362,1.0,1736044,194,42362,0,0.33270397945887353,1235004,1300005,1235004,1300005,0,0.0,1736044,0.9940957021911353,0.24775363744691323,0.19954703625508166,1.0,0.6650446849655656,ewma,0.00590429780886475,median_plus_7mad,0.05855896536860874,10311,432783
0.20384298745650803,0.5,fuzzing,42362,1.0,1734936,611,42362,0,0.33284573516959415,1235004,1300005,1235004,1300005,0,0.0,1734936,0.9934612378353771,0.2322630316597484,0.19964903200091894,1.0,0.6329773603733166,ewma,0.006538762164622886,q99,0.060284275240458506,11419,432783
0.20572125308264094,0.5,fuzzing,42362,1.0,1730843,1287,42362,0,0.3333704358596816,1235004,1300005,1235004,1300005,0,0.0,1730843,0.9911174990193861,0.2322630316597484,0.2000267144136741,1.0,0.6329773603733166,ewma,0.008882500980613908,q99_5,0.06846679868943273,15512,432783
0.2086086333219833,0.5,fuzzing,42362,1.0,1724551,2053,42362,0,0.3341802706209797,1235004,1300005,1235004,1300005,0,0.0,1724551,0.9875145660532939,0.2322630316597484,0.20061010487944844,1.0,0.6329773603733166,ewma,0.01248543394670614,q99_9,0.0801480789216721,21804,432783
0.2021349726359689,0.5,fuzzing,42362,1.0,1738658,258,42362,0,0.33237002654149567,1235004,1300005,1235004,1300005,0,0.0,1738658,0.9955925341640159,0.2322630316597484,0.1993068197570185,1.0,0.6329773603733166,ewma,0.004407465835984093,mean_plus_3std,0.05200223763673268,7697,432783
0.2041665098768412,0.5,fuzzing,42362,1.0,1734231,695,42362,0,0.3329359946180413,1235004,1300005,1235004,1300005,0,0.0,1734231,0.993057539847282,0.2322630316597484,0.19971398431205337,1.0,0.6329773603733166,ewma,0.00694246015271809,mean_plus_4std,0.06167805763486009,12124,432783
0.2065518567433545,0.5,fuzzing,42362,1.0,1729033,1562,42362,0,0.3336029960699129,1235004,1300005,1235004,1300005,0,0.0,1729033,0.9900810545393118,0.2322630316597484,0.2001941885895932,1.0,0.6329773603733166,ewma,0.00991894546068812,mean_plus_5std,0.0713538776329875,17322,432783
0.19990243848714492,0.5,fuzzing,42362,1.0,1743523,177,42362,0,0.3317502775873111,1235004,1300005,1235004,1300005,0,0.0,1743523,0.9983783365925026,0.2322630316597484,0.19886128145582468,1.0,0.6329773603733166,ewma,0.0016216634074973301,median_plus_3mad,0.037793906936358174,2832,432783
0.20151270823600892,0.5,fuzzing,42362,1.0,1740014,212,42362,0,0.33219705401484506,1235004,1300005,1235004,1300005,0,0.0,1740014,0.996369008592182,0.2322630316597484,0.19918243627913698,1.0,0.6329773603733166,ewma,0.003630991407817998,median_plus_5mad,0.048315118097088175,6341,432783
0.20356214246183582,0.5,fuzzing,42362,1.0,1735548,543,42362,0,0.3327674219584378,1235004,1300005,1235004,1300005,0,0.0,1735548,0.9938116820463193,0.2322630316597484,0.19959268211357029,1.0,0.6329773603733166,ewma,0.006188317953680666,median_plus_7mad,0.058836329257818176,10807,432783
0.04695809238437951,,ssl_renegotiation,29299,0.9861770026280761,2041265,1958,28894,0,0.08262638288313584,1255010,1320011,1255010,1320011,694,0.0074903941631049515,2041265,0.9957788555444657,0.5865630980389399,0.04310754196818617,0.9925096058368951,0.9309526538922653,baseline,0.004221144455534319,q99,0.05799076557966526,8653,91958
0.05000070009381257,,ssl_renegotiation,29299,0.9846411140311956,2034641,3447,28849,0,0.08278229553170455,1255010,1320011,1255010,1320011,799,0.008623667055217372,2034641,0.9925475067783199,0.5865630980389399,0.04319457285089918,0.9913763329447827,0.9309526538922653,baseline,0.007452493221680087,q99_5,0.07608128335065209,15277,91853
0.08768114927400272,,ssl_renegotiation,29299,0.9822860848493122,1953813,19014,28780,0,0.08582640819035246,1255010,1320011,1255010,1320011,894,0.00964900919570004,1953813,0.9531176369005979,0.5865630980389399,0.04485691281309717,0.9903509908043,0.9309526538922653,baseline,0.046882363099402025,q99_9,0.18966553573636116,96105,91758
0.048025968813154296,,ssl_renegotiation,29299,0.985118946039114,2038906,2718,28863,0,0.08265282028563782,1255010,1320011,1255010,1320011,765,0.008256702499676208,2038906,0.9946280778060391,0.5865630980389399,0.043123381764441686,0.9917432975003238,0.9309526538922653,baseline,0.005371922193960929,mean_plus_3std,0.06497975696601338,11012,91887
0.050238731990086674,,ssl_renegotiation,29299,0.9846069831734872,2034127,3483,28848,0,0.08279801751352638,1255010,1320011,1255010,1320011,803,0.008666839355869274,2034127,0.9922967650413334,0.5865630980389399,0.043203215840630374,0.9913331606441307,0.9309526538922653,baseline,0.00770323495866664,mean_plus_4std,0.0777235479598276,15791,91849
0.05210564882360903,,ssl_renegotiation,29299,0.9840608894501519,2030103,3838,28832,0,0.08292768832013293,1255010,1320011,1255010,1320011,827,0.008925873159780684,2030103,0.9903337596918511,0.5865630980389399,0.04327432410524768,0.9910741268402193,0.9309526538922653,baseline,0.00966624030814891,mean_plus_5std,0.09046733895364181,19815,91825
0.044992228958680464,,ssl_renegotiation,29299,1.0,2046171,827,29299,0,0.08304103787853326,1255010,1320011,1255010,1320011,0,0.0,2046171,0.9981721220068315,0.5865630980389399,0.043319152636753955,1.0,0.9309526538922653,baseline,0.0018278779931685072,median_plus_3mad,0.044428413542657585,3747,92652
0.046872214210037476,,ssl_renegotiation,29299,0.9869961432130789,2041483,1941,28918,0,0.08264757581216166,1255010,1320011,1255010,1320011,660,0.007123429607563787,2041483,0.995885201261709,0.5865630980389399,0.04311838666963522,0.9928765703924363,0.9309526538922653,baseline,0.004114798738290995,median_plus_5mad,0.05720119619881185,8435,91992
0.04893329039424616,,ssl_renegotiation,29299,0.9848117683197378,2036942,3267,28854,0,0.08270863184183742,1255010,1320011,1255010,1320011,785,0.008472564002935716,2036942,0.9936699907020671,0.5865630980389399,0.04315417681905704,0.9915274359970643,0.9309526538922653,baseline,0.006330009297932893,median_plus_7mad,0.06997397885496612,12976,91867
0.04424452876685476,0.05,ssl_renegotiation,29299,1.0,2047773,86,29299,0,0.08298146458899537,1255010,1320011,1255010,1320011,0,0.0,2047773,0.9989536166812526,0.19298864401720947,0.04328673043904832,1.0,0.8464968991901387,ewma,0.001046383318747384,q99,0.04565288174619934,2145,92652
0.045240062168330555,0.05,ssl_renegotiation,29299,1.0,2045640,108,29299,0,0.08306080296054047,1255010,1320011,1255010,1320011,0,0.0,2045640,0.9979130872551976,0.19298864401720947,0.04332991004034996,1.0,0.8464968991901387,ewma,0.002086912744802475,q99_5,0.05123101837643649,4278,92652
0.04597796104678027,0.05,ssl_renegotiation,29299,1.0,2044059,110,29299,0,0.08311970728858423,1255010,1320011,1255010,1320011,0,0.0,2044059,0.997141836892988,0.19298864401720947,0.043361970804661934,1.0,0.8464968991901387,ewma,0.0028581631070120853,q99_9,0.05551612000627776,5859,92652
0.045055237401811846,0.05,ssl_renegotiation,29299,1.0,2046036,108,29299,0,0.0830460620075829,1255010,1320011,1255010,1320011,0,0.0,2046036,0.9981062657140432,0.19298864401720947,0.04332188706347069,1.0,0.8464968991901387,ewma,0.001893734285956804,mean_plus_3std,0.05014304523515889,3882,92652
0.046323807390190284,0.05,ssl_renegotiation,29299,1.0,2043318,102,29299,0,0.08314734396411774,1255010,1320011,1255010,1320011,0,0.0,2043318,0.9967803590192388,0.19298864401720947,0.04337701372210284,1.0,0.8464968991901387,ewma,0.0032196409807611816,mean_plus_4std,0.057956493683952046,6600,92652
0.04728013553816211,0.05,ssl_renegotiation,29299,1.0,2041269,85,29299,0,0.08322386016537522,1255010,1320011,1255010,1320011,0,0.0,2041269,0.9957808068420297,0.19298864401720947,0.04341866451475945,1.0,0.8464968991901387,ewma,0.0042191931579702215,mean_plus_5std,0.0657699421327452,8649,92652
0.04400509668295552,0.05,ssl_renegotiation,29299,1.0,2048286,66,29299,0,0.08296240581306327,1255010,1320011,1255010,1320011,0,0.0,2048286,0.9992038705938482,0.19298864401720947,0.0432763583064993,1.0,0.8464968991901387,ewma,0.0007961294061518559,median_plus_3mad,0.044121086370542933,1632,92652
0.04610444466225141,0.05,ssl_renegotiation,29299,1.0,2043788,109,29299,0,0.08312981249764478,1255010,1320011,1255010,1320011,0,0.0,2043788,0.9970096364830203,0.19298864401720947,0.04336747112018124,1.0,0.8464968991901387,ewma,0.0029903635169797036,median_plus_5mad,0.05644561250796759,6130,92652
0.047611980005320714,0.05,ssl_renegotiation,29299,1.0,2040558,91,29299,0,0.08325044409761254,1255010,1320011,1255010,1320011,0,0.0,2040558,0.9954339637000115,0.19298864401720947,0.04343313597817374,1.0,0.8464968991901387,ewma,0.004566036299988585,median_plus_7mad,0.06877013864539225,9360,92652
0.04527319994212558,0.1,ssl_renegotiation,29299,1.0,2045569,154,29299,0,0.0830634464624387,1255010,1320011,1255010,1320011,0,0.0,2045569,0.9978784517234348,0.23173674359750018,0.04333134881754505,1.0,0.8673542278503529,ewma,0.002121548276565209,q99,0.049953776344298165,4349,92652
0.04619032283659344,0.1,ssl_renegotiation,29299,1.0,2043604,146,29299,0,0.08313667499959622,1255010,1320011,1255010,1320011,0,0.0,2043604,0.9969198767950718,0.23173674359750018,0.04337120644716738,1.0,0.8673542278503529,ewma,0.003080123204928197,q99_5,0.057030057738272,6314,92652
0.04696229294725493,0.1,ssl_renegotiation,29299,1.0,2041950,153,29299,0,0.0831984138315612,1255010,1320011,1255010,1320011,0,0.0,2041950,0.9961130152523174,0.23173674359750018,0.0434048127004472,1.0,0.8673542278503529,ewma,0.0038869847476825903,q99_9,0.06414261660996472,7968,92652
0.045538302132485754,0.1,ssl_renegotiation,29299,1.0,2045001,155,29299,0,0.08308460053669789,1255010,1320011,1255010,1320011,0,0.0,2045001,0.9976013674693329,0.23173674359750018,0.04334286247580875,1.0,0.8673542278503529,ewma,0.0023986325306670805,mean_plus_3std,0.05195115057682412,4917,92652
0.046567440036964954,0.1,ssl_renegotiation,29299,1.0,2042796,146,29299,0,0.08316682375117813,1255010,1320011,1255010,1320011,0,0.0,2042796,0.996525714687124,0.23173674359750018,0.04338761702462434,1.0,0.8673542278503529,ewma,0.0034742853128759297,mean_plus_4std,0.06035849123176999,7122,92652
0.04749763134926747,0.1,ssl_renegotiation,29299,1.0,2040803,147,29299,0,0.08324128175330296,1255010,1320011,1255010,1320011,0,0.0,2040803,0.9955534806758124,0.23173674359750018,0.043428148238420776,1.0,0.8673542278503529,ewma,0.004446519324187602,mean_plus_5std,0.06876583188671587,9115,92652
0.04432433946148784,0.1,ssl_renegotiation,29299,1.0,2047602,147,29299,0,0.08298781946038034,1255010,1320011,1255010,1320011,0,0.0,2047602,0.9988701987103874,0.23173674359750018,0.04329018892150184,1.0,0.8673542278503529,ewma,0.0011298012896125602,median_plus_3mad,0.044279579201659675,2316,92652
0.046157185062798416,0.1,ssl_renegotiation,29299,1.0,2043675,146,29299,0,0.08313402683470773,1255010,1320011,1255010,1320011,0,0.0,2043675,0.9969545123268345,0.23173674359750018,0.043369765021927825,1.0,0.8673542278503529,ewma,0.0030454876731654634,median_plus_5mad,0.056689204136194035,6243,92652
0.04753263603989601,0.1,ssl_renegotiation,29299,1.0,2040728,130,29299,0,0.08324408633838148,1255010,1320011,1255010,1320011,0,0.0,2040728,0.9955168938464856,0.23173674359750018,0.0434296749758599,1.0,0.8673542278503529,ewma,0.0044831061535144335,median_plus_7mad,0.0690988290707284,9190,92652
0.045941089439318204,0.2,ssl_renegotiation,29299,1.0,2044138,252,29299,0,0.08311676195209385,1255010,1320011,1255010,1320011,0,0.0,2044138,0.9971803750198789,0.2999299893727305,0.043360367654285165,1.0,0.8903181923674272,ewma,0.002819624980121156,q99,0.05464046773846975,5780,92652
0.04678633603569545,0.2,ssl_renegotiation,29299,1.0,2042327,224,29299,0,0.08318433349149837,1255010,1320011,1255010,1320011,0,0.0,2042327,0.9962969250477336,0.2999299893727305,0.04339714816867051,1.0,0.8903181923674272,ewma,0.003703074952266383,q99_5,0.06283258922859809,7591,92652
0.04815011878258353,0.2,ssl_renegotiation,29299,1.0,2039405,275,29299,0,0.0832935903077661,1255010,1320011,1255010,1320011,0,0.0,2039405,0.9948715021771602,0.2999299893727305,0.043456624283497114,1.0,0.8903181923674272,ewma,0.005128497822839743,q99_9,0.0740530672572254,10513,92652
0.04586267893231026,0.2,ssl_renegotiation,29299,1.0,2044306,264,29299,0,0.0831104991455905,1255010,1320011,1255010,1320011,0,0.0,2044306,0.997262329517571,0.2999299893727305,0.04335695881715972,1.0,0.8903181923674272,ewma,0.002737670482429053,mean_plus_3std,0.053979304898187946,5612,92652
0.04680687212086419,0.2,ssl_renegotiation,29299,1.0,2042283,224,29299,0,0.0831859765746523,1255010,1320011,1255010,1320011,0,0.0,2042283,0.9962754607745286,0.2999299893727305,0.04339804256335673,1.0,0.8903181923674272,ewma,0.0037245392254714577,mean_plus_4std,0.06305888395978461,7635,92652
0.04792888913781113,0.2,ssl_renegotiation,29299,1.0,2039879,269,29299,0,0.08327584742468373,1255010,1320011,1255010,1320011,0,0.0,2039879,0.9951027309385059,0.2999299893727305,0.04344696513204263,1.0,0.8903181923674272,ewma,0.0048972690614941675,mean_plus_5std,0.07213846302138126,10039,92652
0.04460997773701676,0.2,ssl_renegotiation,29299,1.0,2046990,251,29299,0,0.08301057118820371,1255010,1320011,1255010,1320011,0,0.0,2046990,0.9985716501830805,0.2999299893727305,0.043302571177795166,1.0,0.8903181923674272,ewma,0.001428349816919506,median_plus_3mad,0.044133379253584556,2928,92652
0.046154851416756515,0.2,ssl_renegotiation,29299,1.0,2043680,236,29299,0,0.08313384035058125,1255010,1320011,1255010,1320011,0,0.0,2043680,0.9969569514487897,0.2999299893727305,0.04336966351671931,1.0,0.8903181923674272,ewma,0.0030430485512103413,median_plus_5mad,0.05651934174741806,6238,92652
0.04747476161805682,0.2,ssl_renegotiation,29299,1.0,2040852,250,29299,0,0.08323944952644828,1255010,1320011,1255010,1320011,0,0.0,2040852,0.9955773840709726,0.2999299893727305,0.04342715082793377,1.0,0.8903181923674272,ewma,0.004422615929027405,median_plus_7mad,0.06890530424125157,9066,92652
0.04620712508809514,0.3,ssl_renegotiation,29299,1.0,2043568,311,29299,0,0.0831380177955486,1255010,1320011,1255010,1320011,0,0.0,2043568,0.9969023151169949,0.3508454438010099,0.04337193734727696,1.0,0.9012037685900902,ewma,0.0030976848830050765,q99,0.05689512316763485,6350,92652
0.04737021427537957,0.3,ssl_renegotiation,29299,1.0,2041076,407,29299,0,0.08323107465931243,1255010,1320011,1255010,1320011,0,0.0,2041076,0.995686656734562,0.3508454438010099,0.0434225918205132,1.0,0.9012037685900902,ewma,0.0043133432654379345,q99_5,0.06707802736770344,8842,92652
0.05028493818171635,0.3,ssl_renegotiation,29299,1.0,2034828,807,29299,0,0.08346271770694405,1255010,1320011,1255010,1320011,3,3.237922548892631e-05,2034828,0.9926387299394415,0.3508454438010099,0.043548766919689376,0.9999676207745111,0.9012037685900902,ewma,0.00736127006055852,q99_9,0.08783083583265053,15090,92649
0.04604283640674517,0.3,ssl_renegotiation,29299,1.0,2043920,318,29299,0,0.08312489009628463,1255010,1320011,1255010,1320011,0,0.0,2043920,0.9970740293026356,0.3508454438010099,0.04336479182541005,1.0,0.9012037685900902,ewma,0.00292597069736448,mean_plus_3std,0.055381116218453694,5998,92652
0.04706870720676571,0.3,ssl_renegotiation,29299,1.0,2041722,400,29299,0,0.08320693157601214,1255010,1320011,1255010,1320011,0,0.0,2041722,0.9960017912911638,0.3508454438010099,0.043409449327999686,1.0,0.9012037685900902,ewma,0.003998208708836159,mean_plus_4std,0.06492691454298237,8196,92652
0.048406353117984476,0.3,ssl_renegotiation,29299,1.0,2038856,482,29299,0,0.08331415006114667,1255010,1320011,1255010,1320011,0,0.0,2038856,0.9946036865864879,0.3508454438010099,0.043467817151049866,1.0,0.9012037685900902,ewma,0.0053963134135121505,mean_plus_5std,0.07447271286751105,11062,92652
0.04469678936977555,0.3,ssl_renegotiation,29299,1.0,2046804,329,29299,0,0.08301748840109886,1255010,1320011,1255010,1320011,0,0.0,2046804,0.9984809148463499,0.3508454438010099,0.043306335816207485,1.0,0.9012037685900902,ewma,0.0015190851536500485,median_plus_3mad,0.04407935028742943,3114,92652
0.04616605291775765,0.3,ssl_renegotiation,29299,1.0,2043656,331,29299,0,0.08313473548201851,1255010,1320011,1255010,1320011,0,0.0,2043656,0.9969452436634051,0.3508454438010099,0.04337015074605347,1.0,0.9012037685900902,ewma,0.0030547563365949273,median_plus_5mad,0.056476365045539795,6262,92652
0.047597978129069296,0.3,ssl_renegotiation,29299,1.0,2040588,415,29299,0,0.08324932206953438,1255010,1320011,1255010,1320011,0,0.0,2040588,0.9954485984317422,0.3508454438010099,0.04343252517297632,1.0,0.9012037685900902,ewma,0.004551401568257852,median_plus_7mad,0.06887337980365014,9330,92652
0.04654130320129564,0.5,ssl_renegotiation,29299,1.0,2042852,649,29299,0,0.08316473352853211,1255010,1320011,1255010,1320011,0,0.0,2042852,0.9965530328530214,0.4214384668397521,0.04338647925735564,1.0,0.9130019316567091,ewma,0.003446967146978562,q99,0.05821438365479569,7066,92652
0.048254199396052404,0.5,ssl_renegotiation,29299,0.999931738284583,2039173,928,29297,0,0.08329452255550542,1255010,1320011,1255010,1320011,9,9.713767646677892e-05,2039173,0.9947583269184426,0.4214384668397521,0.04345731526548258,0.9999028623235332,0.9130019316567091,ewma,0.005241673081557409,q99_5,0.07071567824797974,10745,92643
0.054251669723742985,0.5,ssl_renegotiation,29299,0.9995904297074986,2026260,2352,29287,0,0.08372628071908016,1255010,1320011,1255010,1320011,72,0.0007771014117342313,2026260,0.9884590505571442,0.4214384668397521,0.043693719204847936,0.9992228985882657,0.9130019316567091,ewma,0.011540949442855762,q99_9,0.11141501144373783,23658,92580
0.046487629342331874,0.5,ssl_renegotiation,29299,1.0,2042967,638,29299,0,0.0831604414364321,1255010,1320011,1255010,1320011,0,0.0,2042967,0.9966091326579892,0.4214384668397521,0.043384142958083814,1.0,0.9130019316567091,ewma,0.0033908673420107536,mean_plus_3std,0.05779235311510279,6951,92652
0.04782760889959255,0.5,ssl_renegotiation,29299,0.999931738284583,2040088,865,29297,0,0.08326113605562005,1255010,1320011,1255010,1320011,8,8.634460130380347e-05,2040088,0.9952046862362299,0.4214384668397521,0.04343911940178138,0.9999136553986961,0.9130019316567091,ewma,0.004795313763770063,mean_plus_4std,0.06814106005854623,9830,92644
0.049441558502172626,0.5,ssl_renegotiation,29299,0.9998293457114578,2036618,1018,29294,0,0.08338081517546678,1255010,1320011,1255010,1320011,20,0.0002158615032595087,2036618,0.9935119355993752,0.4214384668397521,0.04350452037102266,0.9997841384967405,0.9130019316567091,ewma,0.006488064400624806,mean_plus_5std,0.07848976700198966,13300,92632
0.04477940043965892,0.5,ssl_renegotiation,29299,1.0,2046627,472,29299,0,0.08302407198071982,1255010,1320011,1255010,1320011,0,0.0,2046627,0.9983945699291387,0.4214384668397521,0.04330991890258353,1.0,0.9130019316567091,ewma,0.001605430070861371,median_plus_3mad,0.044077294108406634,3291,92652
0.04633407543277466,0.5,ssl_renegotiation,29299,1.0,2043296,621,29299,0,0.08314816476711837,1255010,1320011,1255010,1320011,0,0.0,2043296,0.9967696268826363,0.4214384668397521,0.04337746049997472,1.0,0.9130019316567091,ewma,0.003230373117363719,median_plus_5mad,0.05648124253801143,6622,92652
0.04795222559823016,0.5,ssl_renegotiation,29299,0.999931738284583,2039820,850,29297,0,0.08327030288322178,1255010,1320011,1255010,1320011,9,9.713767646677892e-05,2039820,0.9950739492994354,0.4214384668397521,0.0434441300974507,0.9999028623235332,0.9130019316567091,ewma,0.004926050700564608,median_plus_7mad,0.06888519096761621,10098,92643
0.48522260384886273,,arp_mitm,49867,0.999859626606774,1255478,9068,49860,0,0.6458707306431994,1234999,1300000,1234999,1300000,201,0.00017550415971053166,1255478,0.9702347924333498,0.8651360208649626,0.4770038020469484,0.9998244958402894,0.8318727828830336,baseline,0.029765207566650232,q99,0.19114129270828145,38516,1145071
0.49016261449140847,,arp_mitm,49867,0.9998395732648846,1243419,12059,49859,0,0.6480713281318756,1234999,1300000,1234999,1300000,210,0.00018336255492145098,1243419,0.9609155838435108,0.8651360208649626,0.4794101355631466,0.9998166374450785,0.8318727828830336,baseline,0.03908441615648913,q99_5,0.22575292116742773,50575,1145062
0.49841591691926995,,arp_mitm,49867,0.9998395732648846,1223286,17972,49859,0,0.6517843852734175,1234999,1300000,1234999,1300000,211,0.00018423570994488645,1223286,0.9453567790886201,0.8651360208649626,0.4834853169742441,0.9998157642900551,0.8318727828830336,baseline,0.054643220911379804,q99_9,0.2714813837861948,70708,1145061
0.4821540578190324,,arp_mitm,49867,0.9998796799486634,1262975,7504,49861,0,0.6445126121131446,1234999,1300000,1234999,1300000,189,0.00016502629942930587,1262975,0.9760284823577234,0.8651360208649626,0.4755213537215466,0.9998349737005707,0.8318727828830336,baseline,0.02397151764227655,mean_plus_3std,0.16856522907742713,31019,1145083
0.4877750110074096,,arp_mitm,49867,0.9998395732648846,1249243,10139,49859,0,0.647004995229656,1234999,1300000,1234999,1300000,210,0.00018336255492145098,1249243,0.9654163775102512,0.8651360208649626,0.47824399982458377,0.9998166374450785,0.8318727828830336,baseline,0.03458362248974879,mean_plus_4std,0.20989284833147678,44751,1145062
0.49446390840523335,,arp_mitm,49867,0.9998395732648846,1232927,15013,49859,0,0.650001234651648,1234999,1300000,1234999,1300000,210,0.00018336255492145098,1232927,0.9528073545936071,0.8651360208649626,0.4815253560886951,0.9998166374450785,0.8318727828830336,baseline,0.04719264540639292,mean_plus_5std,0.2512204675855264,61067,1145062
0.4723810359345803,,arp_mitm,49867,1.0,1287003,1783,49867,0,0.6402554599562214,1234999,1300000,1234999,1300000,0,0.0,1287003,0.9945973474374687,0.8651360208649626,0.47086451984253425,1.0,0.8318727828830336,baseline,0.005402652562531202,median_plus_3mad,0.07616218254574553,6991,1145272
0.4749494315093147,,arp_mitm,49867,0.9999799466581105,1280633,4361,49866,0,0.6413575531381054,1234999,1300000,1234999,1300000,105,9.168127746072549e-05,1280633,0.9896746043644715,0.8651360208649626,0.47207807733531204,0.9999083187225393,0.8318727828830336,baseline,0.010325395635528449,median_plus_5mad,0.10592486623264237,13361,1145167
0.47807537185366417,,arp_mitm,49867,0.9998796799486634,1272949,6418,49861,0,0.642718087496271,1234999,1300000,1234999,1300000,164,0.00014319742384341885,1272949,0.9837364006324605,0.8651360208649626,0.47356534606090755,0.9998568025761566,0.8318727828830336,baseline,0.016263599367539572,median_plus_7mad,0.13568754991953919,21045,1145108
0.4757394232527326,0.05,arp_mitm,49867,1.0,1278811,191,49867,0,0.6417249054801218,1234999,1300000,1234999,1300000,0,0.0,1278811,0.9882665607413945,0.7290354563689152,0.47245576987256627,1.0,0.7637635422882538,ewma,0.011733439258605526,q99,0.12844309334385096,15183,1145272
0.4769512632078666,0.05,arp_mitm,49867,1.0,1275855,182,49867,0,0.6422567974026462,1234999,1300000,1234999,1300000,0,0.0,1275855,0.9859821606591684,0.7290354563689152,0.4730326001073054,1.0,0.7637635422882538,ewma,0.014017839340831565,q99_5,0.13893842645795815,18139,1145272
0.4789735928758897,0.05,arp_mitm,49867,1.0,1270922,111,49867,0,0.6431463897170435,1234999,1300000,1234999,1300000,0,0.0,1270922,0.9821699327817595,0.7290354563689152,0.4739983627142523,1.0,0.7637635422882538,ewma,0.01783006721824058,q99_9,0.1582627595028131,23072,1145272
0.4754085860254683,0.05,arp_mitm,49867,1.0,1279618,180,49867,0,0.6415798498779607,1234999,1300000,1234999,1300000,0,0.0,1279618,0.9888902112374555,0.7290354563689152,0.47229853725323623,1.0,0.7637635422882538,ewma,0.011109788762544493,mean_plus_3std,0.12570755697068878,14376,1145272
0.47841481822810633,0.05,arp_mitm,49867,1.0,1272285,140,49867,0,0.6429003468872629,1234999,1300000,1234999,1300000,0,0.0,1272285,0.983223260695181,0.7290354563689152,0.4737311260913393,1.0,0.7637635422882538,ewma,0.016776739304819033,mean_plus_4std,0.15279613228269023,21709,1145272
0.4812275495989367,0.05,arp_mitm,49867,1.0,1265424,158,49867,0,0.6441407796695583,1234999,1300000,1234999,1300000,0,0.0,1265424,0.9779210722769967,0.7290354563689152,0.4750793961577901,1.0,0.7637635422882538,ewma,0.022078927723003353,mean_plus_5std,0.1798847075946917,28570,1145272
0.47145329783631634,0.05,arp_mitm,49867,1.0,1289266,128,49867,0,0.6398507183342133,1234999,1300000,1234999,1300000,0,0.0,1289266,0.9963461963502149,0.7290354563689152,0.4704268325242818,1.0,0.7637635422882538,ewma,0.003653803649785084,median_plus_3mad,0.08429090023607969,4728,1145272
0.4744386221100938,0.05,arp_mitm,49867,1.0,1281984,230,49867,0,0.6411549468611583,1234999,1300000,1234999,1300000,0,0.0,1281984,0.9907186586645688,0.7290354563689152,0.47183815798580786,1.0,0.7637635422882538,ewma,0.00928134133543123,median_plus_5mad,0.11590840356815801,12010,1145272
0.47791015821972677,0.05,arp_mitm,49867,1.0,1273516,179,49867,0,0.6426782938558835,1234999,1300000,1234999,1300000,0,0.0,1273516,0.9841745788620349,0.7290354563689152,0.4734900288905022,1.0,0.7637635422882538,ewma,0.01582542113796509,median_plus_7mad,0.14752590690023634,20478,1145272
0.47677006115774173,0.1,arp_mitm,49867,1.0,1276297,327,49867,0,0.6421772094691073,1234999,1300000,1234999,1300000,0,0.0,1276297,0.9863237387499478,0.7462408396534739,0.4729462592228427,1.0,0.7559948062607619,ewma,0.013676261250052163,q99,0.13868858842769932,17697,1145272
0.4783643932232073,0.1,arp_mitm,49867,1.0,1272408,313,49867,0,0.6428781527227985,1234999,1300000,1234999,1300000,0,0.0,1272408,0.9833183152317553,0.7462408396534739,0.47370702491644884,1.0,0.7559948062607619,ewma,0.016681684768244675,q99_5,0.15288524995004565,21586,1145272
0.4805088907892784,0.1,arp_mitm,49867,1.0,1267177,250,49867,0,0.643823391435135,1234999,1300000,1234999,1300000,0,0.0,1267177,0.9792757926234589,0.7462408396534739,0.47473418090910935,1.0,0.7559948062607619,ewma,0.020724207376541157,q99_9,0.17373794378608878,26817,1145272
0.47620267736278044,0.1,arp_mitm,49867,1.0,1277681,352,49867,0,0.6419281295321904,1234999,1300000,1234999,1300000,0,0.0,1277681,0.987393295486687,0.7462408396534739,0.4726761105147314,1.0,0.7559948062607619,ewma,0.012606704513313045,mean_plus_3std,0.13334324001928766,16313,1145272
0.4793708435242405,0.1,arp_mitm,49867,1.0,1269953,276,49867,0,0.6433214239472748,1234999,1300000,1234999,1300000,0,0.0,1269953,0.98142108850582,0.7462408396534739,0.4741885331594365,1.0,0.7559948062607619,ewma,0.018578911494180034,mean_plus_4std,0.16295527136902815,24041,1145272
0.4825746761525803,0.1,arp_mitm,49867,1.0,1262138,398,49867,0,0.6447365680350788,1234999,1300000,1234999,1300000,0,0.0,1262138,0.9753816478283516,0.7462408396534739,0.4757278569084618,1.0,0.7559948062607619,ewma,0.0246183521716484,mean_plus_5std,0.19256730271876865,31856,1145272
0.47180094339854695,0.1,arp_mitm,49867,1.0,1288418,218,49867,0,0.6400023246963784,1234999,1300000,1234999,1300000,0,0.0,1288418,0.9956908610086291,0.7462408396534739,0.4705907490271974,1.0,0.7559948062607619,ewma,0.004309138991370903,median_plus_3mad,0.08542646989866895,5576,1145272
0.4746091652160937,0.1,arp_mitm,49867,1.0,1281568,332,49867,0,0.6412296143010073,1234999,1300000,1234999,1300000,0,0.0,1281568,0.9903971734026588,0.7462408396534739,0.4719190387499794,1.0,0.7559948062607619,ewma,0.009602826597341255,median_plus_5mad,0.11837830803884913,12426,1145272
0.47815695377215933,0.1,arp_mitm,49867,1.0,1272914,321,49867,0,0.6427868660161001,1234999,1300000,1234999,1300000,0,0.0,1272914,0.9837093525935978,0.7462408396534739,0.47360790278332604,1.0,0.7559948062607619,ewma,0.016290647406402195,median_plus_7mad,0.15133014617902932,21080,1145272
0.4781102184017651,0.2,arp_mitm,49867,1.0,1273028,622,49867,0,0.6427663030240444,1234999,1300000,1234999,1300000,0,0.0,1273028,0.9837974519201789,0.7745400461853723,0.47358557664475043,1.0,0.7641802800151655,ewma,0.01620254807982108,q99,0.15172804675231125,20966,1145272
0.4795249882546635,0.2,arp_mitm,49867,1.0,1269577,583,49867,0,0.6433893679456401,1234999,1300000,1234999,1300000,0,0.0,1269577,0.9811305152883244,0.7745400461853723,0.4742623658870596,1.0,0.7641802800151655,ewma,0.018869484711675634,q99_5,0.16501796791869938,24417,1145272
0.48319289491183004,0.2,arp_mitm,49867,1.0,1260629,853,49867,0,0.6450101543940986,1234999,1300000,1234999,1300000,1,8.731550234354808e-07,1260629,0.9742154909528175,0.7745400461853723,0.4760260193690511,0.9999991268449766,0.7641802800151655,ewma,0.0257845090471826,q99_9,0.19654286144579647,33365,1145271
0.47686189206097246,0.2,arp_mitm,49867,1.0,1276073,621,49867,0,0.6422175411601525,1234999,1300000,1234999,1300000,0,0.0,1276073,0.986150631301227,0.7745400461853723,0.47299001174966804,1.0,0.7641802800151655,ewma,0.013849368698772947,mean_plus_3std,0.14110862364202476,17921,1145272
0.4804867529822496,0.2,arp_mitm,49867,1.0,1267231,620,49867,0,0.6438136194672232,1234999,1300000,1234999,1300000,0,0.0,1267231,0.9793175238834183,0.7745400461853723,0.47472355474791117,1.0,0.7641802800151655,ewma,0.020682476116581684,mean_plus_4std,0.17329688958949546,26763,1145272
0.4842407511111949,0.2,arp_mitm,49867,1.0,1258073,927,49867,0,0.6454747428293172,1234999,1300000,1234999,1300000,1,8.731550234354808e-07,1258073,0.9722402113147356,0.7745400461853723,0.4765322816875154,0.9999991268449766,0.7641802800151655,ewma,0.027759788685264384,mean_plus_5std,0.20548515553696617,35921,1145271
0.4717693765255614,0.2,arp_mitm,49867,1.0,1288495,307,49867,0,0.6399885555871283,1234999,1300000,1234999,1300000,0,0.0,1288495,0.9957503666941269,0.7745400461853723,0.47057586038433424,1.0,0.7641802800151655,ewma,0.004249633305873134,median_plus_3mad,0.08286724182801748,5499,1145272
0.474328343034339,0.2,arp_mitm,49867,1.0,1282253,527,49867,0,0.641106673566956,1234999,1300000,1234999,1300000,0,0.0,1282253,0.9909265421632558,0.7745400461853723,0.47178587244209635,1.0,0.7641802800151655,ewma,0.009073457836744219,median_plus_5mad,0.1150977978799644,11741,1145272
0.4776309758755298,0.2,arp_mitm,49867,1.0,1274197,636,49867,0,0.6425555180586753,1234999,1300000,1234999,1300000,0,0.0,1274197,0.9847008564181905,0.7745400461853723,0.47335675720581666,1.0,0.7641802800151655,ewma,0.015299143581809498,median_plus_7mad,0.1473283539319113,19797,1145272
0.47892439774915896,0.3,arp_mitm,49867,1.0,1271040,844,49867,0,0.6431243194737619,1234999,1300000,1234999,1300000,2,1.7463100468709616e-06,1271040,0.9822611233127819,0.7908233740497879,0.4739747797261113,0.9999982536899531,0.7726751787336752,ewma,0.017738876687218023,q99,0.15906790277792043,22954,1145270
0.4807581460980475,0.3,arp_mitm,49867,1.0,1266567,980,49867,0,0.6439330366317141,1234999,1300000,1234999,1300000,2,1.7463100468709616e-06,1266567,0.9788043839461389,0.7908233740497879,0.4748538147478457,0.9999982536899531,0.7726751787336752,ewma,0.021195616053861145,q99_5,0.17509879964173738,27427,1145270
0.48464989058183894,0.3,arp_mitm,49867,0.9999799466581105,1257070,1680,49866,0,0.6456553260675926,1234999,1300000,1234999,1300000,6,5.238930140612885e-06,1257070,0.9714650918010439,0.7908233740497879,0.47673014932132723,0.9999947610698594,0.7726751787336752,ewma,0.0285349081989561,q99_9,0.2064800006037264,36924,1145266
0.4773628624348472,0.3,arp_mitm,49867,1.0,1274850,949,49867,0,0.6424374535990843,1234999,1300000,1234999,1300000,1,8.731550234354808e-07,1274850,0.985205495543256,0.7908233740497879,0.4732288178979481,0.9999991268449766,0.7726751787336752,ewma,0.014794504456744004,mean_plus_3std,0.1452219620471635,19144,1145271
0.4812267296801579,0.3,arp_mitm,49867,1.0,1265424,1063,49867,0,0.6441400170867776,1234999,1300000,1234999,1300000,2,1.7463100468709616e-06,1265424,0.9779210722769967,0.7908233740497879,0.4750789606644394,0.9999982536899531,0.7726751787336752,ewma,0.022078927723003353,mean_plus_4std,0.17877681476831456,28570,1145270
0.4854353727719732,0.3,arp_mitm,49867,0.9999799466581105,1255154,1872,49866,0,0.6460042214608601,1234999,1300000,1234999,1300000,6,5.238930140612885e-06,1255154,0.9699844048735929,0.7908233740497879,0.4771106722990143,0.9999947610698594,0.7726751787336752,ewma,0.03001559512640708,mean_plus_5std,0.2123316674894656,38840,1145266
0.47180463303305176,0.3,arp_mitm,49867,1.0,1288409,408,49867,0,0.6400039341114566,1234999,1300000,1234999,1300000,0,0.0,1288409,0.9956839057986359,0.7908233740497879,0.4705924893196767,1.0,0.7726751787336752,ewma,0.004316094201364149,median_plus_3mad,0.08209088604627633,5585,1145272
0.4743082550242573,0.3,arp_mitm,49867,1.0,1282302,702,49867,0,0.6410978810729597,1234999,1300000,1234999,1300000,0,0.0,1282302,0.9909644094176635,0.7908233740497879,0.47177634955721226,1.0,0.7726751787336752,ewma,0.009035590582336548,median_plus_5mad,0.11413583921396524,11692,1145272
0.47747519130754906,0.3,arp_mitm,49867,1.0,1274576,951,49867,0,0.6424868286304047,1234999,1300000,1234999,1300000,1,8.731550234354808e-07,1274576,0.9849937480390172,0.7908233740497879,0.4732824017386223,0.9999991268449766,0.7726751787336752,ewma,0.015006251960982818,median_plus_7mad,0.14618079238165416,19418,1145271
0.4802936621098314,0.5,arp_mitm,49867,0.9999799466581105,1267689,1898,49866,0,0.6437257954820107,1234999,1300000,1234999,1300000,13,1.135101530466125e-05,1267689,0.9796714667919635,0.8107549987308477,0.47463061781687793,0.9999886489846953,0.7860968369685184,ewma,0.020328533208036514,q99,0.17034198843285364,26305,1145259
0.4823090224682343,0.5,arp_mitm,49867,0.9999799466581105,1262770,2397,49866,0,0.6446157907386321,1234999,1300000,1234999,1300000,16,1.3970480374967692e-05,1262770,0.9758700581300995,0.8107549987308477,0.4755995159520703,0.999986029519625,0.7860968369685184,ewma,0.02412994186990048,q99_5,0.18527005360077708,31224,1145256
0.4869071269800014,0.5,arp_mitm,49867,0.9999598933162211,1251546,3894,49865,0,0.6466553700580395,1234999,1300000,1234999,1300000,24,2.095572056245154e-05,1251546,0.9671961384674117,0.8107549987308477,0.477824961177306,0.9999790442794375,0.7860968369685184,ewma,0.03280386153258825,q99_9,0.21985636890403124,42448,1145248
0.4780064986762411,0.5,arp_mitm,49867,0.9999799466581105,1273274,1527,49866,0,0.6427192687827721,1234999,1300000,1234999,1300000,7,6.112085164048366e-06,1273274,0.9839875609933276,0.8107549987308477,0.473535882613429,0.9999938879148359,0.7860968369685184,ewma,0.016012439006672364,mean_plus_3std,0.15080134903563056,20720,1145265
0.4824393895540708,0.5,arp_mitm,49867,0.9999799466581105,1262451,2431,49866,0,0.644673285339791,1234999,1300000,1234999,1300000,17,1.4843635398403174e-05,1262451,0.9756235345758945,0.8107549987308477,0.47566231092998895,0.9999851563646016,0.7860968369685184,ewma,0.02437646542410552,mean_plus_4std,0.18621188397429775,31543,1145255
0.4871186660249436,0.5,arp_mitm,49867,0.9999598933162211,1251029,3923,49865,0,0.6467493875559501,1234999,1300000,1234999,1300000,25,2.182887558588702e-05,1251029,0.9667966002933553,0.8107549987308477,0.4779278346901609,0.9999781711244141,0.7860968369685184,ewma,0.033203399706644696,mean_plus_5std,0.22162241891296494,42965,1145247
0.47184398913443637,0.5,arp_mitm,49867,1.0,1288313,588,49867,0,0.6400211017092888,1234999,1300000,1234999,1300000,0,0.0,1288313,0.9956097168920413,0.8107549987308477,0.47061105324038405,1.0,0.7860968369685184,ewma,0.0043902831079587696,median_plus_3mad,0.08063469401009549,5681,1145272
0.47421560420224773,0.5,arp_mitm,49867,1.0,1282527,1185,49867,0,0.6410571301429863,1234999,1300000,1234999,1300000,1,8.731550234354808e-07,1282527,0.9911382896674946,0.8107549987308477,0.4717324093684895,0.9999991268449766,0.7860968369685184,ewma,0.008861710332505405,median_plus_5mad,0.11212078422101178,11467,1145271
0.4772283957551165,0.5,arp_mitm,49867,0.9999799466581105,1275173,1504,49866,0,0.6423773547547741,1234999,1300000,1234999,1300000,6,5.238930140612885e-06,1275173,0.9854551103019025,0.8107549987308477,0.4731645788222715,0.9999947610698594,0.7860968369685184,ewma,0.014544889698097517,median_plus_7mad,0.14360687443192804,18821,1145266
0.014874319867714848,,syn_dos,1113,1.0,2666021,4085,1113,0,0.005252048713162248,2617348,2682349,2617348,2682349,0,0.0,2666021,0.9876943002781897,0.0045366223971412736,0.0026329385172568207,1.0,0.7067915725481689,baseline,0.012305699721810275,q99,0.08883310897493955,33216,7038
0.02379543837932213,,syn_dos,1113,1.0,2641878,7836,1113,0,0.00529979058372246,2617348,2682349,2617348,2682349,0,0.0,2641878,0.9787499208109551,0.0045366223971412736,0.002656935893776926,1.0,0.7067915725481689,baseline,0.021250079189044903,q99_5,0.11068540406110836,57359,7038
0.031063362001274814,,syn_dos,1113,1.0,2622209,11434,1113,0,0.0053393316731688715,2617348,2682349,2617348,2682349,0,0.0,2622209,0.9714630467795159,0.0045366223971412736,0.0026768120302124525,1.0,0.7067915725481689,baseline,0.02853695322048416,q99_9,0.12790004971731542,77028,7038
0.01350380135056489,,syn_dos,1113,1.0,2669730,3311,1113,0,0.005244790420768118,2617348,2682349,2617348,2682349,0,0.0,2669730,0.9890683922901176,0.0045366223971412736,0.002629290248538536,1.0,0.7067915725481689,baseline,0.01093160770988246,mean_plus_3std,0.08525358061499477,29507,7038
0.020874818708372208,,syn_dos,1113,1.0,2649782,6967,1113,0,0.005284065441926709,2617348,2682349,2617348,2682349,0,0.0,2649782,0.981678155715856,0.0045366223971412736,0.0026490315489946627,1.0,0.7067915725481689,baseline,0.018321844284144,mean_plus_4std,0.10370703093763886,49455,7038
0.028462000351036017,,syn_dos,1113,1.0,2629249,10405,1113,0,0.005325111365420446,2617348,2682349,2617348,2682349,0,0.0,2629249,0.9740711912292251,0.0045366223971412736,0.002669663811261824,1.0,0.7067915725481689,baseline,0.02592880877077485,mean_plus_5std,0.12216048126028295,69988,7038
0.008345419441852731,,syn_dos,1113,1.0,2683690,1678,1113,0,0.005217650455969865,2617348,2682349,2617348,2682349,0,0.0,2683690,0.9942402241818706,0.0045366223971412736,0.0026156489990812894,1.0,0.7067915725481689,baseline,0.0057597758181293455,median_plus_3mad,0.06727127673759123,15547,7038
0.016172783623245975,,syn_dos,1113,1.0,2662507,4982,1113,0,0.005258943959518535,2617348,2682349,2617348,2682349,0,0.0,2662507,0.9863924509037183,0.0045366223971412736,0.0026364043310751458,1.0,0.7067915725481689,baseline,0.013607549096281653,median_plus_5mad,0.09261534407712071,36730,7038
0.02679143841627329,,syn_dos,1113,1.0,2633770,9613,1113,0,0.005316019134043295,2617348,2682349,2617348,2682349,0,0.0,2633770,0.9757461089930228,0.0045366223971412736,0.002665093410804572,1.0,0.7067915725481689,baseline,0.024253891006977158,median_plus_7mad,0.11795941141665023,65467,7038
0.006665250205540827,0.05,syn_dos,1113,1.0,2688237,125,1113,0,0.005208871067119167,2617348,2682349,2617348,2682349,0,0.0,2688237,0.9959247742973292,0.010320174625160418,0.0026112363302445945,1.0,0.7968328424838255,ewma,0.004075225702670791,q99,0.0625149302684788,11000,7038
0.007062105661841461,0.05,syn_dos,1113,1.0,2687163,122,1113,0,0.005210942089907631,2617348,2682349,2617348,2682349,0,0.0,2687163,0.995526884078723,0.010320174625160418,0.002612277257710171,1.0,0.7968328424838255,ewma,0.004473115921277013,q99_5,0.06561936925619752,12074,7038
0.007868010457178224,0.05,syn_dos,1113,1.0,2684982,150,1113,0,0.005215152842213838,2617348,2682349,2617348,2682349,0,0.0,2684982,0.9947188779644025,0.010320174625160418,0.0026143936523502797,1.0,0.7968328424838255,ewma,0.005281122035597467,q99_9,0.07202983915597552,14255,7038
0.00672843668880657,0.05,syn_dos,1113,1.0,2688066,126,1113,0,0.005209200700777383,2617348,2682349,2617348,2682349,0,0.0,2688066,0.9958614230614059,0.010320174625160418,0.002611402008976277,1.0,0.7968328424838255,ewma,0.004138576938594128,mean_plus_3std,0.06297099115401289,11171,7038
0.008124451506221651,0.05,syn_dos,1113,1.0,2684288,169,1113,0,0.0052164941423766395,2617348,2682349,2617348,2682349,0,0.0,2684288,0.9944617682700704,0.010320174625160418,0.0026150678141555503,1.0,0.7968328424838255,ewma,0.005538231729929606,mean_plus_4std,0.07401875852322869,14949,7038
0.009751411072415036,0.05,syn_dos,1113,1.0,2679885,189,1113,0,0.0052250199613134716,2617348,2682349,2617348,2682349,0,0.0,2679885,0.9928305665638104,0.010320174625160418,0.0026193530666863175,1.0,0.7968328424838255,ewma,0.00716943343618956,mean_plus_5std,0.08506652589244448,19352,7038
0.004773720335147019,0.05,syn_dos,1113,1.0,2693356,149,1113,0,0.005199022542394417,2617348,2682349,2617348,2682349,0,0.0,2693356,0.9978212361493266,0.010320174625160418,0.002606286341918994,1.0,0.7968328424838255,ewma,0.002178763850673357,median_plus_3mad,0.049941200878458845,5881,7038
0.006965663134751642,0.05,syn_dos,1113,1.0,2687424,124,1113,0,0.005210438645197112,2617348,2682349,2617348,2682349,0,0.0,2687424,0.9956235780703955,0.010320174625160418,0.002612024218563854,1.0,0.7968328424838255,ewma,0.0043764219296045515,median_plus_5mad,0.06479415450677431,11813,7038
0.008958808694607903,0.05,syn_dos,1113,1.0,2682030,184,1113,0,0.005220862977939295,2617348,2682349,2617348,2682349,0,0.0,2682030,0.9936252355758313,0.010320174625160418,0.002617263676485682,1.0,0.7968328424838255,ewma,0.0063747644241687555,median_plus_7mad,0.07964710813508975,17207,7038
0.007475589140054134,0.1,syn_dos,1113,1.0,2686044,253,1113,0,0.005213101639927114,2617348,2682349,2617348,2682349,0,0.0,2686044,0.9951123224822422,0.005520211028778554,0.002613362682606768,1.0,0.711960334202841,ewma,0.004887677517757796,q99,0.06789785359175882,13193,7038
0.008281124423792852,0.1,syn_dos,1113,1.0,2683864,267,1113,0,0.005217313950643824,2617348,2682349,2617348,2682349,0,0.0,2683864,0.9943046868429857,0.005520211028778554,0.002615479865115861,1.0,0.711960334202841,ewma,0.005695313157014371,q99_5,0.07315707251797088,15373,7038
0.009338666617398454,0.1,syn_dos,1113,1.0,2681002,293,1113,0,0.00522285440347181,2617348,2682349,2617348,2682349,0,0.0,2681002,0.9932443872101635,0.005520211028778554,0.002618264609157602,1.0,0.711960334202841,ewma,0.006755612789836535,q99_9,0.08025763754034214,18235,7038
0.007290833341031491,0.1,syn_dos,1113,1.0,2686544,244,1113,0,0.005212136472365604,2617348,2682349,2617348,2682349,0,0.0,2686544,0.9952975600141818,0.005520211028778554,0.0026128775734319577,1.0,0.711960334202841,ewma,0.0047024399858182145,mean_plus_3std,0.06644700065222818,12693,7038
0.009110308449806469,0.1,syn_dos,1113,1.0,2681620,287,1113,0,0.00522165704144681,2617348,2682349,2617348,2682349,0,0.0,2681620,0.9934733407996408,0.005520211028778554,0.002617662789391585,1.0,0.711960334202841,ewma,0.0065266592003592125,mean_plus_4std,0.07864261311189025,17617,7038
0.011296708575440411,0.1,syn_dos,1113,1.0,2675703,572,1113,0,0.005233143689500141,2617348,2682349,2617348,2682349,0,0.0,2675703,0.9912812398466678,0.005520211028778554,0.002623436254189279,1.0,0.711960334202841,ewma,0.00871876015333222,mean_plus_5std,0.09083822557155231,23534,7038
0.005187203813359692,0.1,syn_dos,1113,1.0,2692237,212,1113,0,0.005201172222133951,2617348,2682349,2617348,2682349,0,0.0,2692237,0.9974066745528458,0.005520211028778554,0.00260736679293514,1.0,0.711960334202841,ewma,0.00259332544715414,median_plus_3mad,0.05232216684771365,7000,7038
0.0075982669906051676,0.1,syn_dos,1113,1.0,2685712,267,1113,0,0.0052137427086867555,2617348,2682349,2617348,2682349,0,0.0,2685712,0.9949893247610343,0.005520211028778554,0.0026136848946244546,1.0,0.711960334202841,ewma,0.005010675238965678,median_plus_5mad,0.06880194049750002,13525,7038
0.01014752750551958,0.1,syn_dos,1113,1.0,2678813,369,1113,0,0.005227099965873083,2617348,2682349,2617348,2682349,0,0.0,2678813,0.992433417295332,0.005520211028778554,0.002620398525458039,1.0,0.711960334202841,ewma,0.007566582704668023,median_plus_7mad,0.0852817141472864,20424,7038
0.008934420929136913,0.2,syn_dos,1113,1.0,2682096,514,1113,0,0.005220735175649031,2617348,2682349,2617348,2682349,0,0.0,2682096,0.9936496869300473,0.003846990860316357,0.0026171994404146463,1.0,0.6550225324465654,ewma,0.006350313069952731,q99,0.07534392845474167,17141,7038
0.010368125929552614,0.2,syn_dos,1113,1.0,2678216,713,1113,0,0.005228259044709861,2617348,2682349,2617348,2682349,0,0.0,2678216,0.9922122436821961,0.003846990860316357,0.002620981106442817,1.0,0.6550225324465654,ewma,0.007787756317803883,q99_5,0.08239619158283275,21021,7038
0.014028507819789194,0.2,syn_dos,1113,1.0,2668310,1150,1113,0,0.005247566904986829,2617348,2682349,2617348,2682349,0,0.0,2668310,0.9885423176994091,0.003846990860316357,0.002630685802370383,1.0,0.6550225324465654,ewma,0.01145768230059087,q99_9,0.0951380241738043,30927,7038
0.008210178196968157,0.2,syn_dos,1113,1.0,2684056,394,1113,0,0.0052169426847908104,2617348,2682349,2617348,2682349,0,0.0,2684056,0.9943758180552504,0.003846990860316357,0.0026152932599158556,1.0,0.6550225324465654,ewma,0.005624181944749572,mean_plus_3std,0.07142680350167915,15181,7038
0.011135232007094622,0.2,syn_dos,1113,1.0,2676140,857,1113,0,0.005232293615085182,2617348,2682349,2617348,2682349,0,0.0,2676140,0.991443137449583,0.003846990860316357,0.002623008984122559,1.0,0.6550225324465654,ewma,0.008556862550417025,mean_plus_4std,0.08527634878991668,23097,7038
0.015225355885857867,0.2,syn_dos,1113,1.0,2665071,1215,1113,0,0.005253911039595812,2617348,2682349,2617348,2682349,0,0.0,2665071,0.9873423489675045,0.003846990860316357,0.0026338745911936978,1.0,0.6550225324465654,ewma,0.01265765103249548,mean_plus_5std,0.0991258940781542,34166,7038
0.005878929524900463,0.2,syn_dos,1113,1.0,2690365,319,1113,0,0.0052047724465055815,2617348,2682349,2617348,2682349,0,0.0,2690365,0.996713145233264,0.003846990860316357,0.002609176307730065,1.0,0.6550225324465654,ewma,0.003286854766735933,median_plus_3mad,0.05614227547197849,8872,7038
0.008870125911077035,0.2,syn_dos,1113,1.0,2682270,515,1113,0,0.005220398272328551,2617348,2682349,2617348,2682349,0,0.0,2682270,0.9937141495911622,0.003846990860316357,0.002617030105885975,1.0,0.6550225324465654,ewma,0.006285850408837757,median_plus_5mad,0.07503082839735772,16967,7038
0.013651605989783005,0.2,syn_dos,1113,1.0,2669330,1122,1113,0,0.005245572231708507,2617348,2682349,2617348,2682349,0,0.0,2669330,0.9889202022645659,0.003846990860316357,0.002629683212473023,1.0,0.6550225324465654,ewma,0.011079797735434124,median_plus_7mad,0.09391938132273696,29907,7038
0.010437963621583172,0.3,syn_dos,1113,1.0,2678027,885,1113,0,0.005228626096401214,2617348,2682349,2617348,2682349,0,0.0,2678027,0.992142223895123,0.003625741068853665,0.002621165595618728,1.0,0.6561710149881311,ewma,0.007857776104877045,q99,0.08055250055204463,21210,7038
0.011758967584595062,0.3,syn_dos,1113,1.0,2674452,1094,1113,0,0.00523557872560747,2617348,2682349,2617348,2682349,0,0.0,2674452,0.990817775541755,0.003625741068853665,0.0026246601702784645,1.0,0.6561710149881311,ewma,0.009182224458245052,q99_5,0.08552934794602153,24785,7038
0.017343396365853435,0.3,syn_dos,1113,1.0,2659339,1648,1113,0,0.005265175814454546,2617348,2682349,2617348,2682349,0,0.0,2659339,0.9852187859013491,0.003625741068853665,0.0026395367196761746,1.0,0.6561710149881311,ewma,0.014781214098650842,q99_9,0.10372063806878302,39898,7038
0.009069292662423442,0.3,syn_dos,1113,1.0,2681731,713,1113,0,0.005221442039433833,2617348,2682349,2617348,2682349,0,0.0,2681731,0.9935144635317313,0.003625741068853665,0.0026175547248573606,1.0,0.6561710149881311,ewma,0.006485536468268625,mean_plus_3std,0.07458897788493027,17506,7038
0.012859742635171962,0.3,syn_dos,1113,1.0,2671473,1236,1113,0,0.005241386398088435,2617348,2682349,2617348,2682349,0,0.0,2671473,0.9897141303264589,0.003625741068853665,0.0026275792781885157,1.0,0.6561710149881311,ewma,0.010285869673541078,mean_plus_4std,0.0894904951314392,27764,7038
0.017577297207416097,0.3,syn_dos,1113,1.0,2658706,1687,1113,0,0.005266422775969009,2617348,2682349,2617348,2682349,0,0.0,2658706,0.9849842751859137,0.003625741068853665,0.002640163496569813,1.0,0.6561710149881311,ewma,0.015015724814086352,mean_plus_5std,0.10439201237794812,40531,7038
0.006254722820112516,0.3,syn_dos,1113,1.0,2689348,405,1113,0,0.0052067304277834325,2617348,2682349,2617348,2682349,0,0.0,2689348,0.996336372093299,0.003625741068853665,0.002610160414718071,1.0,0.6561710149881311,ewma,0.003663627906701042,median_plus_3mad,0.05820637765710769,9889,7038
0.00995242538175167,0.3,syn_dos,1113,1.0,2679341,826,1113,0,0.005226075279097147,2617348,2682349,2617348,2682349,0,0.0,2679341,0.9926290281290602,0.003625741068853665,0.0026198834937289192,1.0,0.6561710149881311,ewma,0.007370971870939825,median_plus_5mad,0.07833365112475722,19896,7038
0.01570830754450305,0.3,syn_dos,1113,1.0,2663764,1621,1113,0,0.005256475368207212,2617348,2682349,2617348,2682349,0,0.0,2663764,0.9868581380590145,0.003625741068853665,0.002635163520171095,1.0,0.6561710149881311,ewma,0.013141861940985546,median_plus_7mad,0.09846092459240677,35473,7038
0.012324320329604345,0.5,syn_dos,1113,1.0,2672922,1656,1113,0,0.005238559909609163,2617348,2682349,2617348,2682349,0,0.0,2672922,0.9902509486940199,0.0039051920043817394,0.0026261585993820804,1.0,0.6807930636158662,ewma,0.009749051305980172,q99,0.08541355082497638,26315,7038
0.01466037265244663,0.5,syn_dos,1113,1.0,2666600,2440,1113,0,0.005250914321611414,2617348,2682349,2617348,2682349,0,0.0,2666600,0.9879088053401758,0.0039051920043817394,0.0026323683310904467,1.0,0.6807930636158662,ewma,0.01209119465982424,q99_5,0.09287941532897155,32637,7038
0.021124608548650822,0.5,syn_dos,1113,1.0,2649106,2883,1113,0,0.005285406705212036,2617348,2682349,2617348,2682349,0,0.0,2649106,0.9814277145726736,0.0039051920043817394,0.0026497057388454844,1.0,0.6807930636158662,ewma,0.018572285427326314,q99_9,0.11259404374719016,50131,7038
0.010420966088073089,0.5,syn_dos,1113,1.0,2678073,1350,1113,0,0.005228536756323665,2617348,2682349,2617348,2682349,0,0.0,2678073,0.9921592657480613,0.0039051920043817394,0.002621120691099921,1.0,0.6807930636158662,ewma,0.007840734251938604,mean_plus_3std,0.0784218482466768,21164,7038
0.015253808278907354,0.5,syn_dos,1113,1.0,2664994,2442,1113,0,0.005254062043918226,2617348,2682349,2617348,2682349,0,0.0,2664994,0.9873138223875858,0.0039051920043817394,0.002633950491610879,1.0,0.6807930636158662,ewma,0.012686177612414175,mean_plus_4std,0.0945993079599466,34243,7038
0.02064461298279,0.5,syn_dos,1113,1.0,2650405,2837,1113,0,0.005282829939489154,2617348,2682349,2617348,2682349,0,0.0,2650405,0.9819089616806527,0.0039051920043817394,0.0026484105209406187,1.0,0.6807930636158662,ewma,0.01809103831934728,mean_plus_5std,0.11077676767321641,48832,7038
0.006857765748122419,0.5,syn_dos,1113,1.0,2687716,497,1113,0,0.005209875519655103,2617348,2682349,2617348,2682349,0,0.0,2687716,0.9957317567890481,0.0039051920043817394,0.002611741183054186,1.0,0.6807930636158662,ewma,0.0042682432109518356,median_plus_3mad,0.06156713207084891,11521,7038
0.011772639513722738,0.5,syn_dos,1113,1.0,2674415,1548,1113,0,0.005235650779563703,2617348,2682349,2617348,2682349,0,0.0,2674415,0.9908040679643915,0.0039051920043817394,0.0026246963866232227,1.0,0.6807930636158662,ewma,0.00919593203560858,median_plus_5mad,0.08362780494064223,24822,7038
0.01895927058410546,0.5,syn_dos,1113,1.0,2654966,2808,1113,0,0.005273802360547342,2617348,2682349,2617348,2682349,0,0.0,2654966,0.9835986984470055,0.0039051920043817394,0.002643872811611102,1.0,0.6807930636158662,ewma,0.01640130155299442,median_plus_7mad,0.10568847781043557,44271,7038
0.428065291947194,,active_wiretap,47739,1.0,1266085,15250,47739,0,0.5932279245382435,1234999,1300000,1234999,1300000,0,0.0,1266085,0.9811022633579032,0.3437812203383971,0.4216944129655995,1.0,0.42019122502321804,baseline,0.018897736642096846,q99,0.06689869609135762,24387,923216
0.42841132083654065,,active_wiretap,47739,1.0,1265319,15714,47739,0,0.5933739556924703,1234999,1300000,1234999,1300000,0,0.0,1265319,0.9805086820946134,0.3437812203383971,0.4218420084668511,1.0,0.42019122502321804,baseline,0.019491317905386555,q99_5,0.06796491793550298,25153,923216
0.43258625425082486,,active_wiretap,47739,1.0,1256077,21468,47739,0,0.5951415451171939,1234999,1300000,1234999,1300000,0,0.0,1256077,0.9733469614218674,0.3437812203383971,0.4236309665565851,1.0,0.42019122502321804,baseline,0.026653038578132653,q99_9,0.07758706588592418,34395,923216
0.42914403475105795,,active_wiretap,47739,1.0,1263697,16671,47739,0,0.5936834131317382,1234999,1300000,1234999,1300000,0,0.0,1263697,0.9792517776441488,0.3437812203383971,0.42215488224725906,1.0,0.42019122502321804,baseline,0.020748222355851192,mean_plus_3std,0.07009591825033756,26775,923216
0.4361323727643643,,active_wiretap,47739,1.0,1248227,26447,47739,0,0.5966511980803054,1234999,1300000,1234999,1300000,0,0.0,1248227,0.9672639158385459,0.3437812203383971,0.4251624380653786,1.0,0.42019122502321804,baseline,0.032736084161454106,mean_plus_4std,0.0849438134214701,42245,923216
0.44257456335310125,,active_wiretap,47739,1.0,1233966,34717,47739,0,0.5994134524175123,1234999,1300000,1234999,1300000,0,0.0,1233966,0.956212920543801,0.3437812203383971,0.4279731612817092,1.0,0.42019122502321804,baseline,0.043787079456198974,mean_plus_5std,0.09979170859260265,56506,923216
0.4217387454781342,,active_wiretap,47739,1.0,1280090,6009,47739,0,0.5905706084908406,1234999,1300000,1234999,1300000,0,0.0,1280090,0.9919548816247079,0.3437812203383971,0.4190139726392975,1.0,0.42019122502321804,baseline,0.008045118375292142,median_plus_3mad,0.05032896529766969,10382,923216
0.42831600478477544,,active_wiretap,47739,1.0,1265530,15581,47739,0,0.5933337232266975,1234999,1300000,1234999,1300000,0,0.0,1265530,0.980672188160611,0.3437812203383971,0.4218013419556221,1.0,0.42019122502321804,baseline,0.019327811839389,median_plus_5mad,0.06764405546098251,24942,923216
0.436142310930899,,active_wiretap,47739,1.0,1248205,26458,47739,0,0.5966554397171623,1234999,1300000,1234999,1300000,0,0.0,1248205,0.9672468678127073,0.3437812203383971,0.4251667456472052,1.0,0.42019122502321804,baseline,0.03275313218729271,median_plus_7mad,0.08495914562429532,42267,923216
0.4181732023663678,0.05,active_wiretap,47739,1.0,1287983,74,47739,0,0.5890834493836968,1234999,1300000,1234999,1300000,0,0.0,1287983,0.9980712483494412,0.31274153136935184,0.4175182785448076,1.0,0.3369967894242777,ewma,0.0019287516505588653,q99,0.05073724452846086,2489,923216
0.4183688035531656,0.05,active_wiretap,47739,1.0,1287550,87,47739,0,0.5891648388535735,1234999,1300000,1234999,1300000,0,0.0,1287550,0.9977357122045267,0.31274153136935184,0.41760005355609775,1.0,0.3369967894242777,ewma,0.0022642877954732843,q99_5,0.05257766034503171,2922,923216
0.418661979465941,0.05,active_wiretap,47739,1.0,1286901,102,47739,0,0.589286871200731,1234999,1300000,1234999,1300000,0,0.0,1286901,0.9972327954422878,0.31274153136935184,0.4177226816498855,1.0,0.3369967894242777,ewma,0.002767204557712217,q99_9,0.05510874783579669,3571,923216
0.41925691425349915,0.05,active_wiretap,47739,1.0,1285584,131,47739,0,0.5895346639353055,1234999,1300000,1234999,1300000,0,0.0,1285584,0.9962122386227675,0.31274153136935184,0.41797174936617165,1.0,0.3369967894242777,ewma,0.0037877613772325167,mean_plus_3std,0.05922056855004654,4888,923216
0.4210123558514118,0.05,active_wiretap,47739,1.0,1281698,178,47739,0,0.5902670285442102,1234999,1300000,1234999,1300000,0,0.0,1281698,0.993200937331457,0.31274153136935184,0.4187083940688843,1.0,0.3369967894242777,ewma,0.006799062668542983,mean_plus_4std,0.07046532898185467,8774,923216
0.42300179609773375,0.05,active_wiretap,47739,1.0,1277294,187,47739,0,0.5910992193297363,1234999,1300000,1234999,1300000,0,0.0,1277294,0.9897882325226739,0.31274153136935184,0.4195463778851266,1.0,0.3369967894242777,ewma,0.010211767477326125,mean_plus_5std,0.08171008941366283,13178,923216
0.4183796451893853,0.05,active_wiretap,47739,1.0,1287526,89,47739,0,0.5891693507060402,1234999,1300000,1234999,1300000,0,0.0,1287526,0.9977171143581574,0.31274153136935184,0.41760458705719616,1.0,0.3369967894242777,ewma,0.0022828856418426746,median_plus_3mad,0.05266725942741157,2946,923216
0.4211673009023855,0.05,active_wiretap,47739,1.0,1281355,169,47739,0,0.5903317585244776,1234999,1300000,1234999,1300000,0,0.0,1281355,0.9929351431104279,0.31274153136935184,0.41877353916022664,1.0,0.3369967894242777,ewma,0.007064856889572187,median_plus_5mad,0.07131570760890545,9117,923216
0.4246840566511631,0.05,active_wiretap,47739,1.0,1273570,228,47739,0,0.5918047488431097,1234999,1300000,1234999,1300000,0,0.0,1273570,0.9869024666943568,0.31274153136935184,0.4202575945039708,1.0,0.3369967894242777,ewma,0.013097533305643207,median_plus_7mad,0.08996415579039932,16902,923216
0.4187333535710543,0.1,active_wiretap,47739,1.0,1286743,149,47739,0,0.5893165878062987,1234999,1300000,1234999,1300000,0,0.0,1286743,0.997110359620356,0.32645242542829644,0.4177525465404562,1.0,0.3754598609482731,ewma,0.0028896403796440373,q99,0.05469026064360136,3729,923216
0.4189840664086357,0.1,active_wiretap,47739,1.0,1286188,171,47739,0,0.5894209958437346,1234999,1300000,1234999,1300000,0,0.0,1286188,0.9966802844230638,0.32645242542829644,0.4178574855481388,1.0,0.3754598609482731,ewma,0.0033197155769361907,q99_5,0.05672842052168566,4284,923216
0.41924742782180685,0.1,active_wiretap,47739,1.0,1285605,181,47739,0,0.5895307111633739,1234999,1300000,1234999,1300000,0,0.0,1285605,0.9962285117383407,0.32645242542829644,0.41796777556895737,1.0,0.3754598609482731,ewma,0.0037714882616593,q99_9,0.05865235126432568,4867,923216
0.4194868472883261,0.1,active_wiretap,47739,1.0,1285075,205,47739,0,0.5896304878130562,1234999,1300000,1234999,1300000,0,0.0,1285075,0.9958178092976834,0.32645242542829644,0.418068089758098,1.0,0.3754598609482731,ewma,0.0041821907023166715,mean_plus_3std,0.06062120836941299,5397,923216
0.4213326358547365,0.1,active_wiretap,47739,1.0,1280989,320,47739,0,0.5904008446576269,1234999,1300000,1234999,1300000,0,0.0,1280989,0.9926515259532946,0.32645242542829644,0.4188430749408517,1.0,0.3754598609482731,ewma,0.007348474046705391,mean_plus_4std,0.07232232955907125,9483,923216
0.42363151446816355,0.1,active_wiretap,47739,1.0,1275900,480,47739,0,0.5913631221791917,1234999,1300000,1234999,1300000,0,0.0,1275900,0.9887080076127185,0.32645242542829644,0.4198123245886074,1.0,0.3754598609482731,ewma,0.011291992387281553,mean_plus_5std,0.0840234507487295,14572,923216
0.4183968111133999,0.1,active_wiretap,47739,1.0,1287488,134,47739,0,0.5891764946137744,1234999,1300000,1234999,1300000,0,0.0,1287488,0.9976876677680725,0.32645242542829644,0.41761176530191285,1.0,0.3754598609482731,ewma,0.002312332231927543,median_plus_3mad,0.051379915547281815,2984,923216
0.420836179262841,0.1,active_wiretap,47739,1.0,1282088,281,47739,0,0.5901934461023104,1234999,1300000,1234999,1300000,0,0.0,1282088,0.9935031523349596,0.32645242542829644,0.41863434701066154,1.0,0.3754598609482731,ewma,0.006496847665040388,median_plus_5mad,0.069150772656078,8384,923216
0.4242512946720586,0.1,active_wiretap,47739,1.0,1274528,495,47739,0,0.5916230903311801,1234999,1300000,1234999,1300000,0,0.0,1274528,0.9876448307286017,0.32645242542829644,0.42007440357020653,1.0,0.3754598609482731,ewma,0.012355169271398372,median_plus_7mad,0.08692162976487419,15944,923216
0.41935223030526436,0.2,active_wiretap,47739,1.0,1285373,336,47739,0,0.5895743828239625,1234999,1300000,1234999,1300000,0,0.0,1285373,0.99604873255677,0.33449824873577033,0.41801168076088396,1.0,0.3959845178717938,ewma,0.003951267443230074,q99,0.05823246210197875,5099,923216
0.4195555109843844,0.2,active_wiretap,47739,1.0,1284923,379,47739,0,0.5896591092354588,1234999,1300000,1234999,1300000,0,0.0,1284923,0.9957000229373438,0.33449824873577033,0.41809686799608176,1.0,0.3959845178717938,ewma,0.004299977062656144,q99_5,0.059991011679714386,5549,923216
0.4199218679416431,0.2,active_wiretap,47739,1.0,1284112,454,47739,0,0.5898118665637666,1234999,1300000,1234999,1300000,0,0.0,1284112,0.9950715707121115,0.33449824873577033,0.418250482030763,1.0,0.3959845178717938,ewma,0.004928429287888463,q99_9,0.0626505721290055,6360,923216
0.41984145913968,0.2,active_wiretap,47739,1.0,1284290,437,47739,0,0.5897783322824576,1234999,1300000,1234999,1300000,0,0.0,1284290,0.9952095047393512,0.33449824873577033,0.41821675682874704,1.0,0.3959845178717938,ewma,0.004790495260648817,mean_plus_3std,0.062132427690257556,6182,923216
0.4218982078775329,0.2,active_wiretap,47739,1.0,1279737,806,47739,0,0.5906372944009105,1234999,1300000,1234999,1300000,0,0.0,1279737,0.9916813383010248,0.33449824873577033,0.419081115212172,1.0,0.3959845178717938,ewma,0.00831866169897526,mean_plus_4std,0.0743315588879851,10735,923216
0.4244229539122044,0.2,active_wiretap,47739,1.0,1274148,1115,47739,0,0.5916951335969595,1234999,1300000,1234999,1300000,0,0.0,1274148,0.987350364827753,0.33449824873577033,0.4201470489186134,1.0,0.3959845178717938,ewma,0.012649635172247055,mean_plus_5std,0.08653069008571262,16324,923216
0.4184749612411505,0.2,active_wiretap,47739,1.0,1287315,183,47739,0,0.5892090203835856,1234999,1300000,1234999,1300000,0,0.0,1287315,0.9975536082921598,0.33449824873577033,0.41764444832485953,1.0,0.3959845178717938,ewma,0.002446391707840232,median_plus_3mad,0.050370114986868594,3157,923216
0.42072008340832134,0.2,active_wiretap,47739,1.0,1282345,630,47739,0,0.5901449671868593,1234999,1300000,1234999,1300000,0,0.0,1282345,0.9937023042731652,0.33449824873577033,0.4185855662119524,1.0,0.3959845178717938,ewma,0.006297695726834833,median_plus_5mad,0.06744586132169052,8127,923216
0.4239359837520012,0.2,active_wiretap,47739,1.0,1275226,1105,47739,0,0.5914908039253499,1234999,1300000,1234999,1300000,0,0.0,1275226,0.9881857180938447,0.33449824873577033,0.41994103096647534,1.0,0.3959845178717938,ewma,0.011814281906155267,median_plus_7mad,0.08452160765651244,15246,923216
0.4197596951331895,0.3,active_wiretap,47739,1.0,1284471,730,47739,0,0.5897442367265929,1234999,1300000,1234999,1300000,0,0.0,1284471,0.995349763497387,0.33734353603765027,0.4181824688010574,1.0,0.4033884714204245,ewma,0.0046502365026129975,q99,0.06032812109913581,6001,923216
0.42005738839438983,0.3,active_wiretap,47739,1.0,1283812,805,47739,0,0.5898683936459906,1234999,1300000,1234999,1300000,0,0.0,1283812,0.9948390976324941,0.33734353603765027,0.41830733456938474,1.0,0.4033884714204245,ewma,0.005160902367505843,q99_5,0.06240861916632023,6660,923216
0.42036366461759744,0.3,active_wiretap,47739,1.0,1283134,885,47739,0,0.5899961847745022,1234999,1300000,1234999,1300000,0,0.0,1283134,0.9943137084725588,0.33734353603765027,0.41843587826047546,1.0,0.4033884714204245,ewma,0.0056862915274411225,q99_9,0.0643214604765505,7338,923216
0.420194264051664,0.3,active_wiretap,47739,1.0,1283509,824,47739,0,0.5899254969981863,1234999,1300000,1234999,1300000,0,0.0,1283509,0.9946042998220807,0.33734353603765027,0.4183647713240209,1.0,0.4033884714204245,ewma,0.005395700177919397,mean_plus_3std,0.06310340588149334,6963,923216
0.4223729811969889,0.3,active_wiretap,47739,1.0,1278686,1363,47739,0,0.5908359300352819,1234999,1300000,1234999,1300000,0,0.0,1278686,0.9908669076120985,0.33734353603765027,0.419281148752306,1.0,0.4033884714204245,ewma,0.00913309238790148,mean_plus_4std,0.07562404205715124,11786,923216
0.424896372027133,0.3,active_wiretap,47739,1.0,1273100,1721,47739,0,0.591893912291972,1234999,1300000,1234999,1300000,0,0.0,1273100,0.9865382588696229,0.33734353603765027,0.4203475274049818,1.0,0.4033884714204245,ewma,0.013461741130377103,mean_plus_5std,0.08814467823280915,17372,923216
0.41854949749016124,0.3,active_wiretap,47739,1.0,1287150,303,47739,0,0.5892400454176722,1234999,1300000,1234999,1300000,0,0.0,1287150,0.9974257480983703,0.33734353603765027,0.41767562476078623,1.0,0.4033884714204245,ewma,0.0025742519016297913,median_plus_3mad,0.049812586068146744,3322,923216
0.4207417666807608,0.3,active_wiretap,47739,1.0,1282297,976,47739,0,0.5901540210098094,1234999,1300000,1234999,1300000,0,0.0,1282297,0.9936651085804263,0.33734353603765027,0.4185946761592428,1.0,0.4033884714204245,ewma,0.006334891419573613,median_plus_5mad,0.0665454780520483,8175,923216
0.4238614475029905,0.3,active_wiretap,47739,1.0,1275391,1639,47739,0,0.5914595414281976,1234999,1300000,1234999,1300000,0,0.0,1275391,0.9883135782876343,0.33734353603765027,0.4199095154340908,1.0,0.4033884714204245,ewma,0.011686421712365709,median_plus_7mad,0.08327837003594986,15081,923216
0.4207331837187535,0.5,active_wiretap,47739,1.0,1282316,1824,47739,0,0.5901504371716738,1234999,1300000,1234999,1300000,0,0.0,1282316,0.9936798318754688,0.34026186429891075,0.41859107009102564,1.0,0.411262997813524,ewma,0.006320168124531179,q99,0.0632810563283876,8156,923216
0.4209116189815367,0.5,active_wiretap,47739,1.0,1281921,1915,47739,0,0.5902249522352497,1234999,1300000,1234999,1300000,0,0.0,1281921,0.9933737423206392,0.34026186429891075,0.41866605113423794,1.0,0.411262997813524,ewma,0.00662625767936073,q99_5,0.06469983883304882,8551,923216
0.4213132112565095,0.5,active_wiretap,47739,1.0,1281032,2071,47739,0,0.5903927271425027,1234999,1300000,1234999,1300000,0,0.0,1281032,0.9926848470947064,0.34026186429891075,0.41883490423945036,1.0,0.411262997813524,ewma,0.007315152905293567,q99_9,0.06712464581898653,9440,923216
0.4209116189815367,0.5,active_wiretap,47739,1.0,1281921,1915,47739,0,0.5902249522352497,1234999,1300000,1234999,1300000,0,0.0,1281921,0.9933737423206392,0.34026186429891075,0.41866605113423794,1.0,0.411262997813524,ewma,0.00662625767936073,mean_plus_3std,0.06470245978965602,8551,923216
0.42305103519556503,0.5,active_wiretap,47739,1.0,1277185,2545,47739,0,0.5911198459990453,1234999,1300000,1234999,1300000,0,0.0,1277185,0.9897037673037462,0.34026186429891075,0.4195671607129791,1.0,0.411262997813524,ewma,0.010296232696253774,mean_plus_4std,0.07775421725193724,13287,923216
0.4256665799335769,0.5,active_wiretap,47739,1.0,1271395,3108,47739,0,0.592217592573289,1234999,1300000,1234999,1300000,0,0.0,1271395,0.9852170368671308,0.34026186429891075,0.42067409668501615,1.0,0.411262997813524,ewma,0.014782963132869214,mean_plus_5std,0.09080597471421845,19077,923216
0.4187609093964461,0.5,active_wiretap,47739,1.0,1286682,752,47739,0,0.5893280614749415,1234999,1300000,1234999,1300000,0,0.0,1286682,0.997063090094167,0.34026186429891075,0.4177640777990658,1.0,0.411262997813524,ewma,0.0029369099058329045,median_plus_3mad,0.049215381964064456,3790,923216
0.42104081514648856,0.5,active_wiretap,47739,1.0,1281635,1979,47739,0,0.5902789166600332,1234999,1300000,1234999,1300000,0,0.0,1281635,0.9931521179847373,0.34026186429891075,0.418720357974303,1.0,0.411262997813524,ewma,0.006847882015262633,median_plus_5mad,0.06563208805252815,8837,923216
0.4239278525248364,0.5,active_wiretap,47739,1.0,1275244,2735,47739,0,0.5914873933105165,1234999,1300000,1234999,1300000,0,0.0,1275244,0.9881996664786218,0.34026186429891075,0.41993759267851133,1.0,0.411262997813524,ewma,0.011800333521378225,median_plus_7mad,0.08204879414099184,15228,923216
0.36572484619036877,,ssdp_flood,10324,1.0,2544880,4865,10324,0,0.5308188215235446,2548441,2613442,2548441,2613442,0,0.0,2544880,0.9892014532812524,0.9994999349445652,0.3613024923678951,1.0,0.9996708861257377,baseline,0.010798546718747632,q99,0.07587816925059002,27781,1439604
0.3682837499517106,,ssdp_flood,10324,1.0,2534613,6246,10324,0,0.5318254888737548,2548441,2613442,2548441,2613442,0,0.0,2534613,0.9852106437653465,0.9994999349445652,0.3622358819359889,1.0,0.9996708861257377,baseline,0.014789356234653536,q99_5,0.09431665983481986,38048,1439604
0.37430379100084366,,ssdp_flood,10324,1.0,2510459,12216,10324,0,0.5342088852613714,2548441,2613442,2548441,2613442,0,0.0,2510459,0.97582192134914,0.9994999349445652,0.3644508960996318,1.0,0.9996708861257377,baseline,0.024178078650859944,q99_9,0.1302655722404124,62202,1439604
0.3645153049462087,,ssdp_flood,10324,1.0,2549733,4429,10324,0,0.5303443157698712,2548441,2613442,2548441,2613442,0,0.0,2549733,0.9910878269620443,0.9994999349445652,0.3608629704635131,1.0,0.9996708861257377,baseline,0.008912173037955643,mean_plus_3std,0.06741847275881939,22928,1439604
0.3664232048481344,,ssdp_flood,10324,1.0,2542078,5193,10324,0,0.5310931760471593,2548441,2613442,2548441,2613442,0,0.0,2542078,0.9881123086174198,0.9994999349445652,0.361556749132653,1.0,0.9996708861257377,baseline,0.011887691382580138,mean_plus_4std,0.08156388550999524,30583,1439604
0.3684831385763403,,ssdp_flood,10324,1.0,2533813,6412,10324,0,0.5319040883085434,2548441,2613442,2548441,2613442,0,0.0,2533813,0.9848996816914471,0.9994999349445652,0.36230881379930674,1.0,0.9996708861257377,baseline,0.015100318308552895,mean_plus_5std,0.09570929826117111,38848,1439604
0.36045824490655526,,ssdp_flood,10324,1.0,2566011,1720,10324,0,0.5287588984024334,2548441,2613442,2548441,2613442,0,0.0,2566011,0.9974151277607116,0.9994999349445652,0.3593964971671017,1.0,0.9996708861257377,baseline,0.0025848722392884257,median_plus_3mad,0.038353112610741966,6650,1439604
0.36166055831307253,,ssdp_flood,10324,1.0,2561187,2335,10324,0,0.5292277490880717,2548441,2613442,2548441,2613442,0,0.0,2561187,0.9955400264550984,0.9994999349445652,0.3598298436484185,1.0,0.9996708861257377,baseline,0.004459973544901563,median_plus_5mad,0.049167673922550836,11474,1439604
0.36334314906916665,,ssdp_flood,10324,1.0,2554436,3838,10324,0,0.5298852850867668,2548441,2613442,2548441,2613442,0,0.0,2554436,0.9929158952539802,0.9994999349445652,0.3604380526985208,1.0,0.9996708861257377,baseline,0.007084104746019782,median_plus_7mad,0.05998223523435972,18225,1439604
0.36060703866768523,0.05,ssdp_flood,10324,1.0,2565414,120,10324,0,0.5288168765434956,2548441,2613442,2548441,2613442,0,0.0,2565414,0.9971830723130641,0.9951954728136548,0.35945006988732636,1.0,0.9983732428112124,ewma,0.0028169276869358223,q99,0.049576379293494705,7247,1439604
0.36119673052502765,0.05,ssdp_flood,10324,1.0,2563048,138,10324,0,0.5290467776598529,2548441,2613442,2548441,2613442,0,0.0,2563048,0.9962634019795068,0.9951954728136548,0.3596625437335047,1.0,0.9983732428112124,ewma,0.003736598020493178,q99_5,0.05732482859387499,9613,1439604
0.3640759022646809,0.05,ssdp_flood,10324,1.0,2551496,329,10324,0,0.530172147110209,2548441,2613442,2548441,2613442,0,0.0,2551496,0.9917731096324001,0.9951954728136548,0.3607035654330886,1.0,0.9983732428112124,ewma,0.008226890367599929,q99_9,0.08387561137143044,21165,1439604
0.36060055853738476,0.05,ssdp_flood,10324,1.0,2565440,120,10324,0,0.52881435126752,2548441,2613442,2548441,2613442,0,0.0,2565440,0.9971931785804659,0.9951954728136548,0.35944773640439404,1.0,0.9983732428112124,ewma,0.0028068214195340934,mean_plus_3std,0.04947669179331883,7221,1439604
0.36122564187559897,0.05,ssdp_flood,10324,1.0,2562932,148,10324,0,0.5290580543683183,2548441,2613442,2548441,2613442,0,0.0,2562932,0.9962183124787914,0.9951954728136548,0.35967296733870724,1.0,0.9983732428112124,ewma,0.003781687521208585,mean_plus_4std,0.057679192492370655,9729,1439604
0.3620244425530218,0.05,ssdp_flood,10324,1.0,2559727,166,10324,0,0.529369812288619,2548441,2613442,2548441,2613442,0,0.0,2559727,0.9949725206702321,0.9951954728136548,0.35996120351128724,1.0,0.9983732428112124,ewma,0.005027479329767894,mean_plus_5std,0.06588169319142248,12934,1439604
0.3594657880274608,0.05,ssdp_flood,10324,1.0,2569993,111,10324,0,0.5283725081897328,2548441,2613442,2548441,2613442,0,0.0,2569993,0.9989629414835456,0.9951954728136548,0.35903957430135747,1.0,0.9983732428112124,ewma,0.0010370585164543639,median_plus_3mad,0.03880453172660796,2668,1439604
0.360514821428794,0.05,ssdp_flood,10324,1.0,2565784,115,10324,0,0.5287809421942218,2548441,2613442,2548441,2613442,0,0.0,2565784,0.9973268922722426,0.9951954728136548,0.3594168654821955,1.0,0.9983732428112124,ewma,0.0026731077277573688,median_plus_5mad,0.04863639078415316,6877,1439604
0.36129767101624644,0.05,ssdp_flood,10324,1.0,2562643,148,10324,0,0.5290861510173652,2548441,2613442,2548441,2613442,0,0.0,2562643,0.9961059774295953,0.9951954728136548,0.3596989391209488,1.0,0.9983732428112124,ewma,0.0038940225704047287,median_plus_7mad,0.05846824984169835,10018,1439604
0.361279476804249,0.1,ssdp_flood,10324,1.0,2562716,251,10324,0,0.5290790536582282,2548441,2613442,2548441,2613442,0,0.0,2562716,0.9961343527188385,0.996838686009678,0.3596923784205161,1.0,0.9988161201643976,ewma,0.003865647281161412,q99,0.05496010655087928,9945,1439604
0.3626091496947485,0.1,ssdp_flood,10324,1.0,2557381,364,10324,0,0.5295982462533033,2548441,2613442,2548441,2613442,0,0.0,2557381,0.9940606243885223,0.996838686009678,0.36017248000680513,1.0,0.9988161201643976,ewma,0.005939375611477765,q99_5,0.0673306807815037,15280,1439604
0.3660991983331111,0.1,ssdp_flood,10324,1.0,2543378,628,10324,0,0.5309658528237267,2548441,2613442,2548441,2613442,0,0.0,2543378,0.9886176219875064,0.996838686009678,0.36143874112411256,1.0,0.9988161201643976,ewma,0.011382378012493678,q99_9,0.09630454121159533,29283,1439604
0.36107934047227686,0.1,ssdp_flood,10324,1.0,2563519,220,10324,0,0.5290009952731416,2548441,2613442,2548441,2613442,0,0.0,2563519,0.996446480900515,0.996838686009678,0.3596202265081538,1.0,0.9988161201643976,ewma,0.00355351909948493,mean_plus_3std,0.05285305663281643,9142,1439604
0.3619795801124801,0.1,ssdp_flood,10324,1.0,2559907,370,10324,0,0.529352293525693,2548441,2613442,2548441,2613442,0,0.0,2559907,0.9950424871368595,0.996838686009678,0.3599450032766506,1.0,0.9988161201643976,ewma,0.004957512863140538,mean_plus_4std,0.06215798876905154,12754,1439604
0.3630625095800003,0.1,ssdp_flood,10324,1.0,2555562,460,10324,0,0.5297755010791625,2548441,2613442,2548441,2613442,0,0.0,2555562,0.9933535743729935,0.996838686009678,0.36033646661991015,1.0,0.9988161201643976,ewma,0.006646425627006434,mean_plus_5std,0.07146292090528666,17099,1439604
0.35970879291372826,0.1,ssdp_flood,10324,1.0,2569018,185,10324,0,0.5284670643251583,2548441,2613442,2548441,2613442,0,0.0,2569018,0.9985839564559807,0.996838686009678,0.35912690196281916,1.0,0.9988161201643976,ewma,0.0014160435440192082,median_plus_3mad,0.03907625340583179,3643,1439604
0.3607446168186797,0.1,ssdp_flood,10324,1.0,2564862,214,10324,0,0.5288704957871593,2548441,2613442,2548441,2613442,0,0.0,2564862,0.9969685084820736,0.996838686009678,0.35949961867574853,1.0,0.9988161201643976,ewma,0.0030314915179263805,median_plus_5mad,0.04926688284379627,7799,1439604
0.36171489171328414,0.1,ssdp_flood,10324,1.0,2560969,282,10324,0,0.5292489564218222,2548441,2613442,2548441,2613442,0,0.0,2560969,0.9954552892899609,0.996838686009678,0.3598494515660632,1.0,0.9988161201643976,ewma,0.004544710710039138,median_plus_7mad,0.059457512281760744,11692,1439604
0.36216575924072814,0.2,ssdp_flood,10324,1.0,2559160,668,10324,0,0.5294250039717797,2548441,2613442,2548441,2613442,0,0.0,2559160,0.9947521263003559,0.9982341308849371,0.360012243783329,1.0,0.9992306414709002,ewma,0.005247873699644065,q99,0.05984396665411694,13501,1439604
0.3644681993836399,0.2,ssdp_flood,10324,1.0,2549922,1103,10324,0,0.5303258533135143,2548441,2613442,2548441,2613442,0,0.0,2549922,0.9911612917520031,0.9982341308849371,0.36084587492348713,1.0,0.9992306414709002,ewma,0.008838708247996919,q99_5,0.07787447890983458,22739,1439604
0.36837148094654765,0.2,ssdp_flood,10324,1.0,2534261,1484,10324,0,0.5318600697630299,2548441,2613442,2548441,2613442,0,0.0,2534261,0.9850738204528308,0.9982341308849371,0.36226796833812924,1.0,0.9992306414709002,ewma,0.014926179547169254,q99_9,0.10872133973474589,38400,1439604
0.36182754628619995,0.2,ssdp_flood,10324,1.0,2560517,560,10324,0,0.5292929330067236,2548441,2613442,2548441,2613442,0,0.0,2560517,0.9952795957182077,0.9982341308849371,0.35989011332407195,1.0,0.9992306414709002,ewma,0.004720404281792276,mean_plus_3std,0.056826341276422596,12144,1439604
0.363201084674118,0.2,ssdp_flood,10324,1.0,2555006,791,10324,0,0.5298297049030458,2548441,2613442,2548441,2613442,0,0.0,2555006,0.9931374557316335,0.9982341308849371,0.36038662097175944,1.0,0.9992306414709002,ewma,0.006862544268366489,mean_plus_4std,0.06744527252749767,17655,1439604
0.36449461837640335,0.2,ssdp_flood,10324,1.0,2549816,1100,10324,0,0.5303362077603636,2548441,2613442,2548441,2613442,0,0.0,2549816,0.9911200892772114,0.9982341308849371,0.36085546269883845,1.0,0.9992306414709002,ewma,0.008879910722788584,mean_plus_5std,0.07806420377857275,22845,1439604
0.35999217399648326,0.2,ssdp_flood,10324,1.0,2567881,317,10324,0,0.5285773740799903,2548441,2613442,2548441,2613442,0,0.0,2567881,0.9981420016084513,0.9982341308849371,0.3592287931208726,1.0,0.9992306414709002,ewma,0.0018579983915486729,median_plus_3mad,0.040112688527618345,4780,1439604
0.36115760050744405,0.2,ssdp_flood,10324,1.0,2563205,471,10324,0,0.5290315159838109,2548441,2613442,2548441,2613442,0,0.0,2563205,0.9963244282865096,0.9982341308849371,0.3596484368851974,1.0,0.9992306414709002,ewma,0.003675571713490429,median_plus_5mad,0.05125592985248768,9456,1439604
0.36249325505668245,0.2,ssdp_flood,10324,1.0,2557846,822,10324,0,0.5295529527571365,2548441,2613442,2548441,2613442,0,0.0,2557846,0.9942413710939763,0.9982341308849371,0.36013058324681985,1.0,0.9992306414709002,ewma,0.005758628906023763,median_plus_7mad,0.06239917117735703,14815,1439604
0.36308942704432534,0.3,ssdp_flood,10324,1.0,2555454,1129,10324,0,0.5297860290115558,2548441,2613442,2548441,2613442,0,0.0,2555454,0.9933115944930172,0.9989237235368337,0.36034620773966236,1.0,0.999463840846632,ewma,0.006688405506982848,q99,0.06436745134595451,17207,1439604
0.3654118060497001,0.3,ssdp_flood,10324,1.0,2546136,1547,10324,0,0.5306959337509289,2548441,2613442,2548441,2613442,0,0.0,2546136,0.9896896637372744,0.9989237235368337,0.36118863749266134,1.0,0.999463840846632,ewma,0.010310336262725636,q99_5,0.0822763164977484,26525,1439604
0.3693818828018588,0.3,ssdp_flood,10324,1.0,2530207,2081,10324,0,0.5322586638296377,2548441,2613442,2548441,2613442,0,0.0,2530207,0.9834980201433458,0.9989237235368337,0.3626379190344326,1.0,0.999463840846632,ewma,0.016501979856654258,q99_9,0.11313837771047962,42454,1439604
0.3623571723203727,0.3,ssdp_flood,10324,1.0,2558392,954,10324,0,0.5294997793144034,2548441,2613442,2548441,2613442,0,0.0,2558392,0.9944536027094125,0.9989237235368337,0.3600814007817917,1.0,0.999463840846632,ewma,0.00554639729058745,mean_plus_3std,0.05921844629338943,14269,1439604
0.3638937109089255,0.3,ssdp_flood,10324,1.0,2552227,1209,10324,0,0.530100792884385,2548441,2613442,2548441,2613442,0,0.0,2552227,0.9920572512274256,0.9989237235368337,0.36063751195879784,1.0,0.999463840846632,ewma,0.00794274877257439,mean_plus_4std,0.07063233705178439,20434,1439604
0.36538314393490956,0.3,ssdp_flood,10324,1.0,2546251,1542,10324,0,0.5306846849271186,2548441,2613442,2548441,2613442,0,0.0,2546251,0.9897343645353974,0.9989237235368337,0.3611782164679849,1.0,0.999463840846632,ewma,0.010265635464602603,mean_plus_5std,0.08204622781017934,26410,1439604
0.360132992212628,0.3,ssdp_flood,10324,1.0,2567316,502,10324,0,0.5286322065229125,2548441,2613442,2548441,2613442,0,0.0,2567316,0.9979223846437599,0.9989237235368337,0.3592794465574556,1.0,0.999463840846632,ewma,0.0020776153562400953,median_plus_3mad,0.04024138616381792,5345,1439604
0.3613936267918495,0.3,ssdp_flood,10324,1.0,2562258,748,10324,0,0.5291235854455398,2548441,2613442,2548441,2613442,0,0.0,2562258,0.9959563269315312,0.9989237235368337,0.3597335440352516,1.0,0.999463840846632,ewma,0.004043673068468796,median_plus_5mad,0.05168568547063844,10403,1439604
0.36290025708670787,0.3,ssdp_flood,10324,1.0,2556213,1252,10324,0,0.5297120499037701,2548441,2613442,2548441,2613442,0,0.0,2556213,0.9936066197606291,0.9989237235368337,0.3602777604680094,1.0,0.999463840846632,ewma,0.00639338023937083,median_plus_7mad,0.06312998477745896,16448,1439604
0.36413671579519297,0.5,ssdp_flood,10324,1.0,2551252,1810,10324,0,0.5301959686656379,2548441,2613442,2548441,2613442,0,0.0,2551252,0.9916782661998608,0.9992321276588481,0.36072561876449566,1.0,0.9995708360669513,ewma,0.008321733800139234,q99,0.06934658795619368,21409,1439604
0.36651542208702564,0.5,ssdp_flood,10324,1.0,2541708,2542,10324,0,0.5311294253591091,2548441,2613442,2548441,2613442,0,0.0,2541708,0.9879684886582414,0.9992321276588481,0.36159035011574076,1.0,0.9995708360669513,ewma,0.012031511341758592,q99_5,0.08671914790690863,30953,1439604
0.3712790655652107,0.5,ssdp_flood,10324,1.0,2522595,3503,10324,0,0.5330087009837271,2548441,2613442,2548441,2613442,0,0.0,2522595,0.9805392160101933,0.9992321276588481,0.363334602830398,1.0,0.9995708360669513,ewma,0.019460783989806663,q99_9,0.1224445227384113,50066,1439604
0.3631352864279902,0.5,ssdp_flood,10324,1.0,2555270,1910,10324,0,0.5298039664527118,2548441,2613442,2548441,2613442,0,0.0,2555270,0.9932400732160203,0.9992321276588481,0.3603628049345236,1.0,0.9995708360669513,ewma,0.0067599267839797,mean_plus_3std,0.06218266492209339,17391,1439604
0.36481513559049566,0.5,ssdp_flood,10324,1.0,2548530,2149,10324,0,0.5304618609078036,2548441,2613442,2548441,2613442,0,0.0,2548530,0.9906202177434182,0.9992321276588481,0.36097182291267044,1.0,0.9995708360669513,ewma,0.009379782256581804,mean_plus_4std,0.07458339380679326,24131,1439604
0.36654931815321273,0.5,ssdp_flood,10324,1.0,2541572,2570,10324,0,0.5311427506742572,2548441,2613442,2548441,2613442,0,0.0,2541572,0.9879156251056785,0.9992321276588481,0.3616027023171043,1.0,0.9995708360669513,ewma,0.012084374894321483,mean_plus_5std,0.08698412269149311,31089,1439604
0.3602964908848244,0.5,ssdp_flood,10324,1.0,2566660,821,10324,0,0.528695884659709,2548441,2613442,2548441,2613442,0,0.0,2566660,0.9976673957431624,0.9992321276588481,0.3593382762593778,1.0,0.9995708360669513,ewma,0.00233260425683757,median_plus_3mad,0.03975713267920308,6001,1439604
0.3615421713171986,0.5,ssdp_flood,10324,1.0,2561662,1079,10324,0,0.5291815463335826,2548441,2613442,2548441,2613442,0,0.0,2561662,0.9957246601864762,0.9992321276588481,0.35978712737418606,1.0,0.9995708360669513,ewma,0.004275339813523818,median_plus_5mad,0.05112392348127602,10999,1439604
0.36317341950245063,0.5,ssdp_flood,10324,1.0,2555117,1922,10324,0,0.5298188827499275,2548441,2613442,2548441,2613442,0,0.0,2555117,0.993180601719387,0.9992321276588481,0.36037660702712404,1.0,0.9995708360669513,ewma,0.006819398280612953,median_plus_7mad,0.06249071428334895,17544,1439604
0.04292888593503365,,video_injection,17141,1.0,2304053,65,17141,0,0.08170340100699428,2066049,2131050,2066049,2131050,0,0.0,2304053,0.9996320883196285,0.03824625799826944,0.042591641485411495,1.0,0.481919464982499,baseline,0.0003679116803715214,q99,0.03431589275514485,848,102499
0.0429995015369278,,video_injection,17141,1.0,2303883,71,17141,0,0.08170893717159164,2066049,2131050,2066049,2131050,0,0.0,2303883,0.9995583324403087,0.03824625799826944,0.0425946503921655,1.0,0.481919464982499,baseline,0.0004416675596912839,q99_5,0.03514622906394076,1018,102499
0.04515078507933871,,video_injection,17141,1.0,2298704,3219,17141,0,0.08187795512405231,2066049,2131050,2066049,2131050,0,0.0,2298704,0.9973113812697378,0.03824625799826944,0.04268652004849236,1.0,0.481919464982499,baseline,0.0026886187302621674,q99_9,0.04104266017147312,6197,102499
0.04562017113898812,,video_injection,17141,1.0,2297574,3683,17141,0,0.08191492592420915,2066049,2131050,2066049,2131050,0,0.0,2297574,0.9968211216013182,0.03824625799826944,0.04270661767371242,1.0,0.481919464982499,baseline,0.0031788783986817656,mean_plus_3std,0.043753464446669846,7327,102499
0.047022098529533936,,video_injection,17141,1.0,2294199,3896,17141,0,0.0820255466055697,2066049,2131050,2066049,2131050,0,0.0,2294199,0.9953568504677641,0.03824625799826944,0.042766756595949924,1.0,0.481919464982499,baseline,0.004643149532235874,mean_plus_4std,0.05253902019574795,10702,102499
0.04848384148874304,,video_injection,17141,1.0,2290680,4125,17141,0,0.08214120571644258,2066049,2131050,2066049,2131050,0,0.0,2290680,0.993830103765845,0.03824625799826944,0.042829642078590864,1.0,0.481919464982499,baseline,0.0061698962341549595,mean_plus_5std,0.06132457594482604,14221,102499
0.043744703829857935,,video_injection,17141,1.0,2302089,622,17141,0,0.08176740575815677,2066049,2131050,2066049,2131050,0,0.0,2302089,0.9987799909844284,0.03824625799826944,0.04262642914295505,1.0,0.481919464982499,baseline,0.0012200090155716015,median_plus_3mad,0.039203491636247936,2812,102499
0.047260114646506604,,video_injection,17141,1.0,2293626,3946,17141,0,0.0820443572142107,2066049,2131050,2066049,2131050,0,0.0,2293626,0.9951082497686452,0.03824625799826944,0.042776983671553026,1.0,0.481919464982499,baseline,0.004891750231354839,median_plus_5mad,0.05396421597780994,11275,102499
0.05043241671512835,,video_injection,17141,1.0,2285989,6011,17141,0,0.08229589315399878,2066049,2131050,2066049,2131050,0,0.0,2285989,0.9917948753547332,0.03824625799826944,0.042913759667203684,1.0,0.481919464982499,baseline,0.00820512464526676,median_plus_7mad,0.06872494031937193,18912,102499
0.04268588518733904,0.05,video_injection,17141,1.0,2304638,10,17141,0,0.0816843558189315,2066049,2131050,2066049,2131050,0,0.0,2304638,0.9998858953161112,0.04649508087872466,0.04258129055388206,1.0,0.582911854090915,ewma,0.00011410468388880911,q99,0.03246283820257997,263,102499
0.04271745451524466,0.05,video_injection,17141,1.0,2304562,10,17141,0,0.08168682956374822,2066049,2131050,2066049,2131050,0,0.0,2304562,0.9998529220994741,0.04649508087872466,0.042582635005926316,1.0,0.582911854090915,ewma,0.0001470779005258794,q99_5,0.03277557879077722,339,102499
0.04278391625820387,0.05,video_injection,17141,1.0,2304402,15,17141,0,0.08169203793735554,2066049,2131050,2066049,2131050,0,0.0,2304402,0.9997835048012909,0.04649508087872466,0.04258546570880979,1.0,0.582911854090915,ewma,0.00021649519870918534,q99_9,0.03327153070060037,499,102499
0.04379122704992938,0.05,video_injection,17141,1.0,2301977,26,17141,0,0.08177105874609839,2066049,2131050,2066049,2131050,0,0.0,2301977,0.9987313988757001,0.04649508087872466,0.04262841467330096,1.0,0.582911854090915,ewma,0.0012686011242999157,mean_plus_3std,0.04151719568042754,2924,102499
0.04497092298745534,0.05,video_injection,17141,1.0,2299137,15,17141,0,0.08186379727930004,2066049,2131050,2066049,2131050,0,0.0,2299137,0.9974992418329464,0.04649508087872466,0.04267882393501763,1.0,0.582911854090915,ewma,0.002500758167053596,mean_plus_4std,0.04957451483109539,5764,102499
0.04625695771371604,0.05,video_injection,17141,1.0,2296041,17,17141,0,0.08196513528977357,2066049,2131050,2066049,2131050,0,0.0,2296041,0.9961560171130994,0.04649508087872466,0.042733913130487716,1.0,0.582911854090915,ewma,0.0038439828869005653,mean_plus_5std,0.057631833981763234,8860,102499
0.04341447204452937,0.05,video_injection,17141,1.0,2302884,15,17141,0,0.08174148544468998,2066049,2131050,2066049,2131050,0,0.0,2302884,0.9991249081847767,0.04649508087872466,0.042612340737421026,1.0,0.582911854090915,ewma,0.0008750918152233003,median_plus_3mad,0.03874747051481073,2017,102499
0.04554207859101105,0.05,video_injection,17141,1.0,2297762,21,17141,0,0.08190877271492272,2066049,2131050,2066049,2131050,0,0.0,2297762,0.9969026869266836,0.04649508087872466,0.04270327268576209,1.0,0.582911854090915,ewma,0.003097313073316381,median_plus_5mad,0.05324398463810939,7139,102499
0.04784705491401512,0.05,video_injection,17141,1.0,2292213,10,17141,0,0.08209078047469757,2066049,2131050,2066049,2131050,0,0.0,2292213,0.9944952082540638,0.04649508087872466,0.04280222423406239,1.0,0.582911854090915,ewma,0.005504791745936159,median_plus_7mad,0.06774049876140804,12688,102499
0.04276231619174213,0.1,video_injection,17141,1.0,2304454,13,17141,0,0.08169034514308303,2066049,2131050,2066049,2131050,0,0.0,2304454,0.9998060654232004,0.046088509581030536,0.04258454568909322,1.0,0.5814735041542547,ewma,0.0001939345767996109,q99,0.032959422388311885,447,102499
0.04281340865664202,0.1,video_injection,17141,1.0,2304331,16,17141,0,0.08169434936590618,2066049,2131050,2066049,2131050,0,0.0,2304331,0.999752700875222,0.046088509581030536,0.04258672195377322,1.0,0.5814735041542547,ewma,0.00024729912477802735,q99_5,0.03348459951880754,570,102499
0.042925562847885686,0.1,video_injection,17141,1.0,2304061,20,17141,0,0.0817031405000839,2066049,2131050,2066049,2131050,0,0.0,2304061,0.9996355591845376,0.046088509581030536,0.04259149990027259,1.0,0.5814735041542547,ewma,0.00036444081546235606,q99_9,0.034411961607136866,840,102499
0.04383608872642685,0.1,video_injection,17141,1.0,2301869,31,17141,0,0.08177458157931793,2066049,2131050,2066049,2131050,0,0.0,2301869,0.9986845421994264,0.046088509581030536,0.04263032946703666,1.0,0.5814735041542547,ewma,0.0013154578005736472,mean_plus_3std,0.041723541765800745,3032,102499
0.04500664617429592,0.1,video_injection,17141,1.0,2299051,22,17141,0,0.08186660884032221,2066049,2131050,2066049,2131050,0,0.0,2299051,0.9974619300351729,0.046088509581030536,0.04268035227249068,1.0,0.5814735041542547,ewma,0.0025380699648271227,mean_plus_4std,0.04984055956499833,5850,102499
0.046298496303065546,0.1,video_injection,17141,1.0,2295941,30,17141,0,0.08196841266420334,2066049,2131050,2066049,2131050,0,0.0,2295941,0.9961126313017349,0.046088509581030536,0.042735694868331085,1.0,0.5814735041542547,ewma,0.0038873686982651315,mean_plus_5std,0.05795757736419592,8960,102499
0.04346930298247072,0.1,video_injection,17141,1.0,2302752,20,17141,0,0.08174578805702323,2066049,2131050,2066049,2131050,0,0.0,2302752,0.9990676389137755,0.046088509581030536,0.04261467929958246,1.0,0.5814735041542547,ewma,0.0009323610862245277,median_plus_3mad,0.03888706003140362,2149,102499
0.0455711556035557,0.1,video_injection,17141,1.0,2297692,24,17141,0,0.08191106369546368,2066049,2131050,2066049,2131050,0,0.0,2297692,0.9968723168587285,0.046088509581030536,0.04270451809876797,1.0,0.5814735041542547,ewma,0.0031276831412715774,median_plus_5mad,0.05349718008939032,7209,102499
0.04789399351998006,0.1,video_injection,17141,1.0,2292100,19,17141,0,0.08209449529013278,2066049,2131050,2066049,2131050,0,0.0,2292100,0.9944461822872219,0.046088509581030536,0.04280424405088284,1.0,0.5814735041542547,ewma,0.0055538177127781195,median_plus_7mad,0.06810730014737702,12801,102499
0.042826701005233864,0.2,video_injection,17141,1.0,2304299,22,17141,0,0.08169539117928248,2066049,2131050,2066049,2131050,0,0.0,2304299,0.9997388174155853,0.04255473252175312,0.042587288172916876,1.0,0.5473298535265452,ewma,0.0002611825844146885,q99,0.033362145389955127,602,102499
0.04290479355321093,0.2,video_injection,17141,1.0,2304111,32,17141,0,0.08170151236953037,2066049,2131050,2066049,2131050,0,0.0,2304111,0.9996572520902199,0.04255473252175312,0.04259061501448095,1.0,0.5473298535265452,ewma,0.00034274790978007296,q99_5,0.03415740178574803,790,102499
0.043009886184265184,0.2,video_injection,17141,1.0,2303858,25,17141,0,0.08170975137672308,2066049,2131050,2066049,2131050,0,0.0,2303858,0.9995474859874676,0.04255473252175312,0.042595092914309886,1.0,0.5473298535265452,ewma,0.00045251401253242545,q99_9,0.03524852572462125,1043,102499
0.04389590429509014,0.2,video_injection,17141,1.0,2301725,43,17141,0,0.08177927916247626,2066049,2131050,2066049,2131050,0,0.0,2301725,0.9986220666310613,0.04255473252175312,0.04263288279295107,1.0,0.5473298535265452,ewma,0.0013779333689386225,mean_plus_3std,0.04199427589553402,3176,102499
0.04506936944421368,0.2,video_injection,17141,1.0,2298900,25,17141,0,0.0818715458856551,2066049,2131050,2066049,2131050,0,0.0,2298900,0.9973964174600124,0.04255473252175312,0.042683036013590414,1.0,0.5473298535265452,ewma,0.0026035825399876177,mean_plus_4std,0.05019698070583614,6001,102499
0.04634128105009554,0.2,video_injection,17141,1.0,2295838,39,17141,0,0.08197178863388083,2066049,2131050,2066049,2131050,0,0.0,2295838,0.9960679439160294,0.04255473252175312,0.04273753021364387,1.0,0.5473298535265452,ewma,0.003932056083970635,mean_plus_5std,0.058399685516138264,9063,102499
0.04350253385395032,0.2,video_injection,17141,1.0,2302672,36,17141,0,0.08174839592131342,2066049,2131050,2066049,2131050,0,0.0,2302672,0.9990329302646839,0.04255473252175312,0.04261609673490991,1.0,0.5473298535265452,ewma,0.0009670697353161806,median_plus_3mad,0.039157170629760533,2229,102499
0.045633878873473456,0.2,video_injection,17141,1.0,2297541,34,17141,0,0.08191600610420058,2066049,2131050,2066049,2131050,0,0.0,2297541,0.9968068042835679,0.04255473252175312,0.04270720487991867,1.0,0.5473298535265452,ewma,0.0031931957164320723,median_plus_5mad,0.05387036100978025,7360,102499
0.047933870565755585,0.2,video_injection,17141,1.0,2292004,21,17141,0,0.08209765150368323,2066049,2131050,2066049,2131050,0,0.0,2292004,0.9944045319083119,0.04255473252175312,0.04280596015122971,1.0,0.5473298535265452,ewma,0.0055954680916881026,median_plus_7mad,0.06858355138979996,12897,102499
0.042839162582038716,0.3,video_injection,17141,1.0,2304269,24,17141,0,0.08169636790345548,2066049,2131050,2066049,2131050,0,0.0,2304269,0.999725801672176,0.040947296796067595,0.04258781901703862,1.0,0.5282040256720278,ewma,0.0002741983278240584,q99,0.03338825884648097,632,102499
0.042935532109329565,0.3,video_injection,17141,1.0,2304037,32,17141,0,0.08170392202579876,2066049,2131050,2066049,2131050,0,0.0,2304037,0.9996251465898102,0.040947296796067595,0.04259192465851332,1.0,0.5282040256720278,ewma,0.000374853410189852,q99_5,0.03443582758418189,864,102499
0.04314779430090554,0.3,video_injection,17141,1.0,2303526,43,17141,0,0.08172056555966775,2066049,2131050,2066049,2131050,0,0.0,2303526,0.9994034450937372,0.040947296796067595,0.042600970480356604,1.0,0.5282040256720278,ewma,0.0005965549062627853,q99_9,0.03624458422313671,1375,102499
0.04393370441139819,0.3,video_injection,17141,1.0,2301634,51,17141,0,0.08178224805236668,2066049,2131050,2066049,2131050,0,0.0,2301634,0.9985825855427196,0.040947296796067595,0.04263449651080036,1.0,0.5282040256720278,ewma,0.0014174144572803777,mean_plus_3std,0.042208237529726966,3267,102499
0.045122954224474536,0.3,video_injection,17141,1.0,2298771,43,17141,0,0.08187576409804578,2066049,2131050,2066049,2131050,0,0.0,2298771,0.9973404497633521,0.040947296796067595,0.042685329013397076,1.0,0.5282040256720278,ewma,0.002659550236647908,mean_plus_4std,0.05048077726241117,6130,102499
0.04639278890088892,0.3,video_injection,17141,1.0,2295714,48,17141,0,0.08197585327698673,2066049,2131050,2066049,2131050,0,0.0,2295714,0.9960141455099373,0.040947296796067595,0.0427397399647154,1.0,0.5282040256720278,ewma,0.003985854490062697,mean_plus_5std,0.05875331699509535,9187,102499
0.04351707236022265,0.3,video_injection,17141,1.0,2302637,36,17141,0,0.08174953691426383,2066049,2131050,2066049,2131050,0,0.0,2302637,0.9990177452307062,0.040947296796067595,0.04261671689251668,1.0,0.5282040256720278,ewma,0.0009822547692937787,median_plus_3mad,0.03921528140484741,2264,102499
0.045652155852787236,0.3,video_injection,17141,1.0,2297497,43,17141,0,0.08191744638850428,2066049,2131050,2066049,2131050,0,0.0,2297497,0.9967877145265676,0.040947296796067595,0.04270798784664641,1.0,0.5282040256720278,ewma,0.0032122854734324816,median_plus_5mad,0.05394393676122343,7404,102499
0.04794259366951898,0.3,video_injection,17141,1.0,2291983,34,17141,0,0.08209834195774818,2066049,2131050,2066049,2131050,0,0.0,2291983,0.9943954208879253,0.040947296796067595,0.042806335566523364,1.0,0.5282040256720278,ewma,0.005604579112074661,median_plus_7mad,0.06867259211759946,12918,102499
0.04287488576887929,0.5,video_injection,17141,1.0,2304183,44,17141,0,0.08169916797552669,2066049,2131050,2066049,2131050,0,0.0,2304183,0.9996884898744024,0.03952252606901713,0.042589340843534794,1.0,0.5081255464835222,ewma,0.0003115101255975853,q99,0.03368387670693172,718,102499
0.04295713217579131,0.5,video_injection,17141,1.0,2303985,45,17141,0,0.08170561538280649,2066049,2131050,2066049,2131050,0,0.0,2303985,0.9996025859679005,0.03952252606901713,0.042592844997099505,1.0,0.5081255464835222,ewma,0.0003974140320994264,q99_5,0.03472273286707739,916,102499
0.043454764476198386,0.5,video_injection,17141,1.0,2302787,47,17141,0,0.08174464716871663,2066049,2131050,2066049,2131050,0,0.0,2302787,0.999082823947753,0.03952252606901713,0.04261405920127586,1.0,0.5081255464835222,ewma,0.0009171760522469295,q99_9,0.03858055007064101,2114,102499
0.0439744122289607,0.5,video_injection,17141,1.0,2301536,71,17141,0,0.08178544555948572,2066049,2131050,2066049,2131050,0,0.0,2301536,0.9985400674475824,0.03952252606901713,0.04263623449741788,1.0,0.5081255464835222,ewma,0.0014599325524176526,mean_plus_3std,0.04260581066002634,3365,102499
0.045244246905375096,0.5,video_injection,17141,1.0,2298479,75,17141,0,0.08188531390542032,2066049,2131050,2066049,2131050,0,0.0,2298479,0.9972137631941675,0.03952252606901713,0.042690520279652706,1.0,0.5081255464835222,ewma,0.0027862368058324412,mean_plus_4std,0.05100969711147871,6422,102499
0.0464791891667359,0.5,video_injection,17141,1.0,2295506,60,17141,0,0.08198267229326568,2066049,2131050,2066049,2131050,0,0.0,2295506,0.995923903022299,0.03952252606901713,0.04274344715711602,1.0,0.5081255464835222,ewma,0.004076096977700994,mean_plus_5std,0.059413583562931076,9395,102499
0.04353701088311041,0.5,video_injection,17141,1.0,2302589,47,17141,0,0.08175110175638971,2066049,2131050,2066049,2131050,0,0.0,2302589,0.9989969200412512,0.03952252606901713,0.04261756742372836,1.0,0.5081255464835222,ewma,0.0010030799587487705,median_plus_3mad,0.03929912410927387,2312,102499
0.04567583284871646,0.5,video_injection,17141,1.0,2297440,61,17141,0,0.08191931228665805,2066049,2131050,2066049,2131050,0,0.0,2297440,0.9967629846140897,0.03952252606901713,0.042709002187138925,1.0,0.5081255464835222,ewma,0.0032370153859102844,median_plus_5mad,0.05408198586579126,7461,102499
0.04796710143723519,0.5,video_injection,17141,1.0,2291924,46,17141,0,0.08210028186703469,2066049,2131050,2066049,2131050,0,0.0,2291924,0.9943698232592203,0.03952252606901713,0.04280739033996917,1.0,0.5081255464835222,ewma,0.005630176740779756,median_plus_7mad,0.06886484762230863,12977,102499
